DISP_DATE,ORIG_PROV_CODE,ORIG_PROV_NAME,ORIG_DIST_CODE,ORIG_DIST_NAME,DISP_PROV_CODE,DISP_PROV_NAME,DISP_DIST_CODE,DISP_DIST_NAME,DISP_IND,DISP_FAM,DISP_ADULT_MALE,DISP_ADULT_FEMALE,DISP_CHILDREN_U18
#date+occurred,#admin1+code+x_origin,#admin1+name+x_origin,#admin2+code+x_origin,#admin2+name+x_origin,#admin1+code+x_destination,#admin1+name+x_destination,#admin2+code+x_destination,#admin2+name+x_destination,#affected+displaced,#affected+dispalced+families,#affected+displaced+m+adults,#affected+displaced+f+adults,#affected+dispalced+children
01-01-21,6,Nangarhar,604,Khogyani,6,Nangarhar,601,Jalalabad,217,31,42,45,130
01-01-21,28,Faryab,2806,Qaysar,28,Faryab,2801,Maymana,931,133,,,
01-01-21,28,Faryab,2802,Khwajasabzposh,28,Faryab,2801,Maymana,861,123,,,
01-01-21,28,Faryab,2805,Almar,28,Faryab,2801,Maymana,7,1,,,
01-01-21,28,Faryab,2803,Pashtunkot,28,Faryab,2801,Maymana,28,4,,,
01-01-21,28,Faryab,2810,Dawlatabad,28,Faryab,2801,Maymana,14,2,,,
01-01-21,29,Badghis,2906,Balamurghab,28,Faryab,2801,Maymana,7,1,,,
01-01-21,28,Faryab,2804,Shirintagab,28,Faryab,2801,Maymana,28,4,,,
01-01-21,28,Faryab,2807,Kohestan,28,Faryab,2801,Maymana,42,6,,,
01-01-21,19,Samangan,1904,Dara-e-Suf-e-Payin,19,Samangan,1901,Aybak,294,42,,,
01-01-21,19,Samangan,1902,Hazrat-e-Sultan,19,Samangan,1901,Aybak,245,35,,,
01-01-21,9,Baghlan,902,Baghlan-e-Jadid,19,Samangan,1901,Aybak,140,20,,,
01-01-21,28,Faryab,2804,Shirintagab,19,Samangan,1901,Aybak,287,41,,,
01-01-21,33,Kandahar,3302,Arghandab,33,Kandahar,3301,Kandahar / Dand,2939,400,507,539,1893
01-01-21,33,Kandahar,3308,Maywand,33,Kandahar,3301,Kandahar / Dand,74,12,14,13,47
01-01-21,33,Kandahar,3304,Panjwayi,33,Kandahar,3301,Kandahar / Dand,3222,457,488,522,2212
01-01-21,33,Kandahar,3303,Zheray,33,Kandahar,3301,Kandahar / Dand,1135,157,191,182,762
01-01-21,33,Kandahar,3301,Kandahar / Dand,33,Kandahar,3301,Kandahar / Dand,322,42,43,49,230
01-01-21,33,Kandahar,3312,Arghestan,33,Kandahar,3301,Kandahar / Dand,667,89,103,108,456
01-01-21,33,Kandahar,3312,Arghestan,33,Kandahar,3311,Spinboldak,601,78,92,99,410
01-01-21,32,Hilmand,3201,Lashkargah,33,Kandahar,3301,Kandahar / Dand,247,42,37,45,165
01-01-21,23,Uruzgan,2301,Tirinkot,33,Kandahar,3301,Kandahar / Dand,795,112,125,136,534
01-01-21,33,Kandahar,3306,Shahwalikot,33,Kandahar,3301,Kandahar / Dand,81,12,13,15,53
01-01-21,29,Badghis,2903,Abkamari,29,Badghis,2901,Qala-e-Naw,151,25,,,
02-01-21,26,Khost,2602,Sabari,26,Khost,2601,Khost (Matun),280,40,,,
02-01-21,29,Badghis,2905,Jawand,29,Badghis,2901,Qala-e-Naw,25,4,,,
03-01-21,13,Kunar,1302,Watapur,6,Nangarhar,602,Behsud,231,33,44,48,138
03-01-21,9,Baghlan,901,Pul-e-Khumri,9,Baghlan,901,Pul-e-Khumri,2758,394,,,
03-01-21,9,Baghlan,901,Pul-e-Khumri,9,Baghlan,901,Pul-e-Khumri,2758,394,,,
03-01-21,26,Khost,2612,Bak,26,Khost,2601,Khost (Matun),168,24,,,
03-01-21,29,Badghis,2901,Qala-e-Naw,29,Badghis,2901,Qala-e-Naw,69,13,,,
04-01-21,6,Nangarhar,604,Khogyani,6,Nangarhar,603,Surkhrod,469,67,90,98,281
04-01-21,6,Nangarhar,605,Chaparhar,6,Nangarhar,603,Surkhrod,63,9,12,13,38
04-01-21,12,Paktya,1203,Ahmadaba,6,Nangarhar,603,Surkhrod,49,7,10,10,29
04-01-21,12,Paktya,1204,Zurmat,12,Paktya,1201,Gardez,315,45,,,
04-01-21,29,Badghis,2904,Qadis,29,Badghis,2901,Qala-e-Naw,375,64,,,
04-01-21,29,Badghis,2902,Muqur,29,Badghis,2901,Qala-e-Naw,116,16,,,
04-01-21,29,Badghis,2906,Balamurghab,29,Badghis,2901,Qala-e-Naw,108,19,,,
05-01-21,2,Kapisa,206,Alasay,2,Kapisa,207,Hisa-e-Awal-e-Kohestan,70,10,,,
05-01-21,6,Nangarhar,611,Sherzad,6,Nangarhar,603,Surkhrod,959,137,184,200,575
05-01-21,13,Kunar,1306,Shigal Wa Sheltan,6,Nangarhar,602,Behsud,126,18,24,26,76
05-01-21,20,Sar-e-Pul,2002,Sayad,20,Sar-e-Pul,2001,Sar-e-Pul,231,33,,,
05-01-21,20,Sar-e-Pul,2004,Sozmaqala,20,Sar-e-Pul,2001,Sar-e-Pul,182,26,,,
05-01-21,20,Sar-e-Pul,2003,Kohestanat,20,Sar-e-Pul,2001,Sar-e-Pul,259,37,,,
05-01-21,12,Paktya,1208,Alikhel (Jaji),12,Paktya,1201,Gardez,280,40,,,
05-01-21,32,Hilmand,3201,Lashkargah,32,Hilmand,3201,Lashkargah,3980,585,503,586,2891
05-01-21,29,Badghis,2903,Abkamari,29,Badghis,2901,Qala-e-Naw,180,30,,,
05-01-21,29,Badghis,2904,Qadis,29,Badghis,2901,Qala-e-Naw,220,42,,,
06-01-21,6,Nangarhar,611,Sherzad,6,Nangarhar,604,Khogyani,371,53,71,77,222
06-01-21,13,Kunar,1315,Nari,6,Nangarhar,602,Behsud,147,21,28,31,88
06-01-21,17,Kunduz,1701,Kunduz,17,Kunduz,1701,Kunduz,1785,255,,,
06-01-21,12,Paktya,1202,Sayedkaram / Mirzaka,12,Paktya,1201,Gardez,301,43,,,
06-01-21,29,Badghis,2901,Qala-e-Naw,29,Badghis,2901,Qala-e-Naw,152,28,,,
07-01-21,6,Nangarhar,604,Khogyani,6,Nangarhar,604,Khogyani,189,27,36,40,113
07-01-21,17,Kunduz,1707,Dasht-e-Archi,6,Nangarhar,602,Behsud,49,7,10,10,29
07-01-21,29,Badghis,2902,Muqur,29,Badghis,2901,Qala-e-Naw,94,15,,,
08-01-21,2,Kapisa,202,Nejrab,2,Kapisa,204,Hisa-e-Duwum-e-Kohestan,42,6,,,
10-01-21,18,Balkh,1812,Charbulak,18,Balkh,1802,Nahr-e-Shahi,315,45,,,
10-01-21,18,Balkh,1814,Sholgareh,18,Balkh,1802,Nahr-e-Shahi,245,35,,,
10-01-21,18,Balkh,1813,Chemtal,18,Balkh,1802,Nahr-e-Shahi,210,30,,,
10-01-21,28,Faryab,2802,Khwajasabzposh,18,Balkh,1802,Nahr-e-Shahi,245,35,,,
10-01-21,28,Faryab,2803,Pashtunkot,18,Balkh,1802,Nahr-e-Shahi,210,30,,,
10-01-21,27,Jawzjan,2706,Khanaqa,18,Balkh,1801,Mazar-e-Sharif,140,20,,,
10-01-21,20,Sar-e-Pul,2005,Gosfandi,18,Balkh,1801,Mazar-e-Sharif,105,15,,,
10-01-21,29,Badghis,2904,Qadis,30,Hirat,3002,Injil,24,3,,,
11-01-21,9,Baghlan,908,Andarab,1,Kabul,101,Kabul,28,4,,,
11-01-21,21,Ghor,2109,Tolak,30,Hirat,3002,Injil,58,9,,,
12-01-21,6,Nangarhar,610,Hesarak,6,Nangarhar,603,Surkhrod,959,137,184,200,575
12-01-21,28,Faryab,2805,Almar,30,Hirat,3002,Injil,40,5,,,
13-01-21,6,Nangarhar,610,Hesarak,6,Nangarhar,602,Behsud,581,83,111,121,349
13-01-21,32,Hilmand,3209,Garmser,30,Hirat,3002,Injil,69,11,,,
14-01-21,15,Badakhshan,1503,Argo,1,Kabul,101,Kabul,14,2,,,
14-01-21,30,Hirat,3012,Obe,30,Hirat,3002,Injil,68,9,,,
15-01-21,9,Baghlan,901,Pul-e-Khumri,9,Baghlan,901,Pul-e-Khumri,994,142,,,
15-01-21,19,Samangan,1907,Ruy-e-Duab,19,Samangan,1901,Aybak,371,53,,,
15-01-21,19,Samangan,1904,Dara-e-Suf-e-Payin,19,Samangan,1901,Aybak,350,50,,,
15-01-21,31,Farah,3103,Balabuluk,31,Farah,3101,Farah,181,32,,,
16-01-21,31,Farah,3101,Farah,31,Farah,3101,Farah,100,17,,,
17-01-21,16,Takhar,1601,Taloqan,16,Takhar,1601,Taloqan,154,22,,,
17-01-21,17,Kunduz,1702,Emamsaheb,17,Kunduz,1702,Emamsaheb,476,68,,,
17-01-21,31,Farah,3109,Gulestan,31,Farah,3101,Farah,20,5,,,
17-01-21,21,Ghor,2102,Charsadra,21,Ghor,2101,Chaghcharan,13,2,,,
18-01-21,2,Kapisa,205,Tagab,2,Kapisa,201,Mahmud-e-Raqi,70,10,,,
18-01-21,28,Faryab,2806,Qaysar,28,Faryab,2801,Maymana,1162,166,,,
18-01-21,28,Faryab,2802,Khwajasabzposh,28,Faryab,2801,Maymana,812,116,,,
18-01-21,28,Faryab,2805,Almar,28,Faryab,2801,Maymana,133,19,,,
18-01-21,28,Faryab,2803,Pashtunkot,28,Faryab,2801,Maymana,84,12,,,
18-01-21,28,Faryab,2810,Dawlatabad,28,Faryab,2801,Maymana,56,8,,,
18-01-21,28,Faryab,2804,Shirintagab,28,Faryab,2801,Maymana,14,2,,,
18-01-21,28,Faryab,2807,Kohestan,28,Faryab,2801,Maymana,49,7,,,
18-01-21,28,Faryab,2811,Andkhoy,28,Faryab,2801,Maymana,7,1,,,
18-01-21,29,Badghis,2907,Ghormach,28,Faryab,2801,Maymana,21,3,,,
18-01-21,16,Takhar,1611,Yangi Qala,28,Faryab,2801,Maymana,7,1,,,
18-01-21,21,Ghor,2101,Chaghcharan,28,Faryab,2801,Maymana,7,1,,,
18-01-21,31,Farah,3104,Khak-e-Safed,31,Farah,3101,Farah,45,7,,,
18-01-21,21,Ghor,2103,DoLayna,21,Ghor,2101,Chaghcharan,37,6,,,
19-01-21,31,Farah,3110,Purchaman,31,Farah,3101,Farah,16,3,,,
19-01-21,21,Ghor,2104,Dawlatyar,21,Ghor,2101,Chaghcharan,25,4,,,
19-01-21,21,Ghor,2101,Chaghcharan,21,Ghor,2101,Chaghcharan,4361,623,,,
20-01-21,19,Samangan,1902,Hazrat-e-Sultan,1,Kabul,101,Kabul,35,5,,,
20-01-21,20,Sar-e-Pul,2002,Sayad,20,Sar-e-Pul,2001,Sar-e-Pul,70,10,,,
20-01-21,20,Sar-e-Pul,2004,Sozmaqala,20,Sar-e-Pul,2001,Sar-e-Pul,112,16,,,
20-01-21,20,Sar-e-Pul,2003,Kohestanat,20,Sar-e-Pul,2001,Sar-e-Pul,98,14,,,
20-01-21,20,Sar-e-Pul,2001,Sar-e-Pul,20,Sar-e-Pul,2001,Sar-e-Pul,140,20,,,
20-01-21,18,Balkh,1804,Dawlatabad,18,Balkh,1801,Mazar-e-Sharif,182,26,,,
20-01-21,31,Farah,3105,Pushtrod,31,Farah,3101,Farah,92,15,,,
20-01-21,21,Ghor,2101,Chaghcharan,21,Ghor,2101,Chaghcharan,162,27,,,
20-01-21,21,Ghor,2110,Saghar,21,Ghor,2110,Saghar,945,135,,,
21-01-21,28,Faryab,2812,Qaramqol,28,Faryab,2811,Andkhoy,385,55,,,
21-01-21,21,Ghor,2108,Lal Wa Sarjangal,21,Ghor,2101,Chaghcharan,16,3,,,
21-01-21,21,Ghor,2101,Chaghcharan,21,Ghor,2101,Chaghcharan,1127,161,,,
22-01-21,21,Ghor,2107,Pasaband,21,Ghor,2101,Chaghcharan,18,3,,,
23-01-21,21,Ghor,2106,Taywarah,21,Ghor,2101,Chaghcharan,11,2,,,
26-01-21,6,Nangarhar,604,Khogyani,6,Nangarhar,604,Khogyani,290,42,81,96,113
28-01-21,13,Kunar,1315,Nari,13,Kunar,1301,Asadabad,49,7,7,7,35
28-01-21,13,Kunar,1310,Dangam,13,Kunar,1301,Asadabad,42,6,6,6,30
28-01-21,13,Kunar,1306,Shigal Wa Sheltan,13,Kunar,1301,Asadabad,35,5,5,5,25
28-01-21,13,Kunar,1305,Marawara,13,Kunar,1305,Marawara,49,7,7,7,35
28-01-21,6,Nangarhar,611,Sherzad,6,Nangarhar,603,Surkhrod,10467,1459,,,
28-01-21,6,Nangarhar,611,Sherzad,6,Nangarhar,601,Jalalabad,1247,185,,,
28-01-21,6,Nangarhar,611,Sherzad,6,Nangarhar,602,Behsud,1667,266,,,
28-01-21,6,Nangarhar,610,Hesarak,6,Nangarhar,603,Surkhrod,1330,190,,,
28-01-21,6,Nangarhar,610,Hesarak,6,Nangarhar,601,Jalalabad,35,5,,,
28-01-21,6,Nangarhar,610,Hesarak,6,Nangarhar,602,Behsud,253,38,,,
28-01-21,6,Nangarhar,604,Khogyani,6,Nangarhar,603,Surkhrod,420,64,,,
28-01-21,6,Nangarhar,604,Khogyani,6,Nangarhar,601,Jalalabad,103,15,,,
28-01-21,6,Nangarhar,604,Khogyani,6,Nangarhar,602,Behsud,54,9,,,
28-01-21,6,Nangarhar,604,Khogyani,6,Nangarhar,604,Khogyani,441,63,,,
28-01-21,6,Nangarhar,611,Sherzad,6,Nangarhar,604,Khogyani,3291,471,,,
28-01-21,6,Nangarhar,610,Hesarak,6,Nangarhar,604,Khogyani,546,78,,,
28-01-21,31,Farah,3101,Farah,34,Nimroz,3401,Zaranj,354,46,,,
28-01-21,6,Nangarhar,611,Sherzad,6,Nangarhar,611,Sherzad,1155,166,,,
28-01-21,6,Nangarhar,611,Sherzad,6,Nangarhar,603,Surkhrod,644,92,,,
29-01-21,13,Kunar,1302,Watapur,13,Kunar,1301,Asadabad,63,9,9,9,45
29-01-21,13,Kunar,1308,Chawkay,13,Kunar,1308,Chawkay,35,5,5,5,25
29-01-21,13,Kunar,1309,Khaskunar,13,Kunar,1309,Khaskunar,28,4,4,4,20
29-01-21,14,Nuristan,1401,Poruns,13,Kunar,1301,Asadabad,14,2,2,2,10
29-01-21,1,Kabul,108,Qarabagh,13,Kunar,1301,Asadabad,21,3,3,3,15
30-01-21,15,Badakhshan,1503,Argo,15,Badakhshan,1501,Fayzabad,413,59,,,
30-01-21,18,Balkh,1813,Chemtal,18,Balkh,1801,Mazar-e-Sharif,287,41,,,
30-01-21,18,Balkh,1804,Dawlatabad,18,Balkh,1801,Mazar-e-Sharif,245,35,,,
30-01-21,18,Balkh,1814,Sholgareh,18,Balkh,1802,Nahr-e-Shahi,210,30,,,
30-01-21,18,Balkh,1807,Charkent,18,Balkh,1802,Nahr-e-Shahi,210,30,,,
30-01-21,19,Samangan,1904,Dara-e-Suf-e-Payin,18,Balkh,1806,Dehdadi,175,25,,,
30-01-21,20,Sar-e-Pul,2007,Sancharak,18,Balkh,1806,Dehdadi,245,35,,,
30-01-21,28,Faryab,2805,Almar,18,Balkh,1801,Mazar-e-Sharif,140,20,,,
31-01-21,29,Badghis,2903,Abkamari,29,Badghis,2901,Qala-e-Naw,567,103,,,
01-02-21,17,Kunduz,1707,Dasht-e-Archi,1,Kabul,101,Kabul,28,4,,,
01-02-21,16,Takhar,1614,Khwajaghar,16,Takhar,1601,Taloqan,343,49,,,
01-02-21,26,Khost,2602,Sabari,26,Khost,2601,Khost (Matun),210,30,,,
01-02-21,33,Kandahar,3302,Arghandab,33,Kandahar,3301,Kandahar / Dand,1994,263,316,339,1339
01-02-21,24,Zabul,2402,Arghandab,24,Zabul,2401,Qalat,355,45,,,
01-02-21,29,Badghis,2904,Qadis,29,Badghis,2901,Qala-e-Naw,77,13,,,
02-02-21,26,Khost,2603,Musakhel,26,Khost,2601,Khost (Matun),154,22,,,
05-02-21,32,Hilmand,3202,Nahr-e-Saraj,30,Hirat,3002,Injil,135,20,,,
05-02-21,32,Hilmand,3207,Nawzad,30,Hirat,3002,Injil,110,15,,,
05-02-21,32,Hilmand,3211,Baghran,30,Hirat,3002,Injil,115,17,,,
05-02-21,30,Hirat,3015,Shindand,30,Hirat,3002,Injil,25,3,,,
05-02-21,21,ghor,2104,Dawlatyar,21,Ghor,2101,Chaghcharan,24,4,,,
06-02-21,21,Ghor,2101,Chaghcharan,21,Ghor,2101,Chaghcharan,461,77,,,
07-02-21,17,Kunduz,1701,Kunduz,17,Kunduz,1701,Kunduz,336,48,,,
07-02-21,21,Ghor,2105,Shahrak,21,Ghor,2101,Chaghcharan,19,3,,,
08-02-21,28,Faryab,2805,Almar,27,Jawzjan,2701,Shiberghan,133,19,,,
08-02-21,28,Faryab,2806,Qaysar,27,Jawzjan,2701,Shiberghan,140,20,,,
08-02-21,28,Faryab,2808,Garziwan,27,Jawzjan,2701,Shiberghan,126,18,,,
08-02-21,20,Sar-e-Pul,2002,Sayad,27,Jawzjan,2701,Shiberghan,119,17,,,
08-02-21,20,Sar-e-Pul,2007,Sancharak,27,Jawzjan,2701,Shiberghan,98,14,,,
08-02-21,27,Jawzjan,2707,Aqcha,27,Jawzjan,2701,Shiberghan,133,19,,,
08-02-21,27,Jawzjan,2705,Fayzabad,27,Jawzjan,2701,Shiberghan,84,12,,,
10-02-21,29,Badghis,2903,Abkamari,30,Hirat,3002,Injil,32,5,,,
11-02-21,28,Faryab,2806,Qaysar,28,Faryab,2801,Maymana,308,44,,,
11-02-21,28,Faryab,2802,Khwajasabzposh,28,Faryab,2801,Maymana,1064,152,,,
11-02-21,28,Faryab,2804,Shirintagab,28,Faryab,2801,Maymana,70,10,,,
11-02-21,28,Faryab,2808,Garziwan,28,Faryab,2801,Maymana,14,2,,,
11-02-21,28,Faryab,2803,Pashtunkot,28,Faryab,2801,Maymana,112,16,,,
11-02-21,28,Faryab,2807,Kohestan,28,Faryab,2801,Maymana,35,5,,,
11-02-21,28,Faryab,2805,Almar,28,Faryab,2801,Maymana,56,8,,,
11-02-21,28,Faryab,2810,Dawlatabad,28,Faryab,2801,Maymana,35,5,,,
11-02-21,28,Faryab,2809,Bilcheragh,28,Faryab,2801,Maymana,21,3,,,
11-02-21,28,Faryab,2814,Qorghan,28,Faryab,2801,Maymana,7,1,,,
11-02-21,28,Faryab,2811,Andkhoy,28,Faryab,2801,Maymana,7,1,,,
11-02-21,18,Balkh,1804,Dawlatabad,28,Faryab,2801,Maymana,7,1,,,
11-02-21,3,Parwan,301,Charikar,28,Faryab,2801,Maymana,7,1,,,
11-02-21,29,Badghis,2907,Ghormach,28,Faryab,2801,Maymana,14,2,,,
11-02-21,29,Badghis,2906,Balamurghab,28,Faryab,2801,Maymana,7,1,,,
11-02-21,33,Kandahar,3309,Reg,28,Faryab,2801,Maymana,14,2,,,
11-02-21,29,Badghis,2905,Jawand,30,Hirat,3002,Injil,18,3,,,
12-02-21,29,Badghis,2904,Qadis,30,Hirat,3002,Injil,14,2,,,
13-02-21,22,Daykundi,2208,Kajran,30,Hirat,3002,Injil,15,2,,,
14-02-21,17,Kunduz,1702,Emamsaheb,17,Kunduz,1702,Emamsaheb,154,22,,,
14-02-21,31,Farah,3105,Pushtrod,30,Hirat,3002,Injil,21,3,,,
15-02-21,9,Baghlan,903,Dahana-e-Ghori,19,Samangan,1901,Aybak,315,45,,,
15-02-21,19,Samangan,1906,Khuram Wa Sarbagh,19,Samangan,1901,Aybak,350,50,,,
15-02-21,19,Samangan,1905,Dara-e Suf-e-Bala,19,Samangan,1901,Aybak,210,30,,,
15-02-21,32,Hilmand,3205,Sangin,30,Hirat,3002,Injil,56,8,,,
15-02-21,29,Badghis,2903,Abkamari,29,Badghis,2901,Qala-e-Naw,237,50,,,
15-02-21,29,Badghis,2903,Abkamari,29,Badghis,2901,Qala-e-Naw,489,94,,,
15-02-21,31,Farah,3111,Anardara,31,Farah,3101,Farah,39,6,,,
15-02-21,21,Ghor,2101,Chaghcharan,21,Ghor,2101,Chaghcharan,726,121,,,
15-02-21,28,Faryab,2806,Qaysar,30,Hirat,3002,Injil,12,2,,,
15-02-21,21,Ghor,2102,Charsadra,21,Ghor,2101,Chaghcharan,3,1,,,
16-02-21,31,Farah,3103,Balabuluk,31,Farah,3101,Farah,98,13,,,
16-02-21,21,Ghor,2104,Dawlatyar,21,Ghor,2101,Chaghcharan,27,6,,,
16-02-21,21,Ghor,2110,Saghar,30,Hirat,3002,Injil,28,4,,,
16-02-21,21,Ghor,2103,DoLayna,21,Ghor,2101,Chaghcharan,13,2,,,
17-02-21,9,Baghlan,904,Doshi,1,Kabul,101,Kabul,35,5,,,
17-02-21,31,Farah,3101,Farah,31,Farah,3101,Farah,176,32,,,
17-02-21,21,Ghor,2101,Chaghcharan,21,Ghor,2101,Chaghcharan,302,54,,,
17-02-21,30,Hirat,3015,Shindand,30,Hirat,3002,Injil,46,6,,,
17-02-21,21,Ghor,2104,Dawlatyar,21,Ghor,2101,Chaghcharan,11,3,,,
18-02-21,2,Kapisa,202,Nejrab,2,Kapisa,202,Nejrab,3941,563,,,
18-02-21,2,Kapisa,202,Nejrab,2,Kapisa,201,Mahmud-e-Raqi,63,9,,,
18-02-21,29,Badghis,2903,Abkamari,29,Badghis,2901,Qala-e-Naw,573,111,,,
18-02-21,29,Badghis,2904,Qadis,29,Badghis,2901,Qala-e-Naw,16,3,,,
18-02-21,29,Badghis,2906,Balamurghab,29,Badghis,2901,Qala-e-Naw,20,3,,,
18-02-21,31,Farah,3104,Khak-e-Safed,31,Farah,3101,Farah,49,9,,,
18-02-21,21,Ghor,2105,Shahrak,21,Ghor,2101,Chaghcharan,9,2,,,
18-02-21,30,Hirat,3008,Gulran,30,Hirat,3002,Injil,45,6,,,
18-02-21,21,Ghor,2101,Chaghcharan,21,Ghor,2101,Chaghcharan,302,54,,,
19-02-21,31,Farah,3105,Pushtrod,31,Farah,3101,Farah,91,16,,,
19-02-21,30,Hirat,3012,Obe,30,Hirat,3002,Injil,49,7,,,
19-02-21,21,Ghor,2103,DoLayna,21,Ghor,2101,Chaghcharan,16,3,,,
19-02-21,21,Ghor,2105,Shahrak,21,Ghor,2101,Chaghcharan,9,2,,,
20-02-21,9,Baghlan,903,Dahana-e-Ghori,3,Parwan,301,Charikar,35,5,,,
20-02-21,18,Balkh,1813,Chemtal,18,Balkh,1802,Nahr-e-Shahi,553,79,,,
20-02-21,31,Farah,3106,Qala-e-Kah,31,Farah,3101,Farah,41,7,,,
20-02-21,30,Hirat,3006,Pashtunzarghun,30,Hirat,3002,Injil,21,3,,,
20-02-21,21,Ghor,2104,Dawlatyar,21,Ghor,2101,Chaghcharan,11,3,,,
20-02-21,21,Ghor,2102,Charsadra,21,Ghor,2101,Chaghcharan,14,2,,,
21-02-21,15,Badakhshan,1503,Argo,15,Badakhshan,1501,Fayzabad,392,56,,,
21-02-21,21,Ghor,2101,Chaghcharan,21,Ghor,2101,Chaghcharan,302,54,,,
21-02-21,21,Ghor,2103,DoLayna,21,Ghor,2101,Chaghcharan,13,2,,,
22-02-21,21,Ghor,2105,Shahrak,21,Ghor,2101,Chaghcharan,9,2,,,
22-02-21,21,Ghor,2104,Dawlatyar,21,Ghor,2101,Chaghcharan,6,2,,,
23-02-21,21,Ghor,2101,Chaghcharan,21,Ghor,2101,Chaghcharan,416,80,,,
24-02-21,2,Kapisa,202,Nejrab,3,Parwan,301,Charikar,35,5,,,
24-02-21,29,Badghis,2905,Jawand,21,Ghor,2101,Chaghcharan,10,2,,,
25-02-21,20,Sar-e-Pul,2002,Sayad,20,Sar-e-Pul,2001,Sar-e-Pul,273,39,,,
25-02-21,20,Sar-e-Pul,2004,Sozmaqala,20,Sar-e-Pul,2001,Sar-e-Pul,189,27,,,
25-02-21,20,Sar-e-Pul,2003,Kohestanat,20,Sar-e-Pul,2001,Sar-e-Pul,126,18,,,
25-02-21,20,Sar-e-Pul,2001,Sar-e-Pul,20,Sar-e-Pul,2001,Sar-e-Pul,175,25,,,
25-02-21,26,Khost,2602,Sabari,26,Khost,2601,Khost (Matun),140,20,,,
25-02-21,29,Badghis,2903,Abkamari,29,Badghis,2901,Qala-e-Naw,138,25,,,
25-02-21,21,Ghor,2102,Charsadra,21,Ghor,2101,Chaghcharan,14,2,,,
25-02-21,21,Ghor,2105,Shahrak,21,Ghor,2101,Chaghcharan,26,3,,,
26-02-21,29,Badghis,2904,Qadis,29,Badghis,2901,Qala-e-Naw,193,35,,,
26-02-21,21,Ghor,2103,DoLayna,21,Ghor,2101,Chaghcharan,13,2,,,
26-02-21,21,Ghor,2102,Charsadra,21,Ghor,2101,Chaghcharan,70,10,,,
27-02-21,26,Khost,2608,Terezayi,26,Khost,2601,Khost (Matun),133,19,,,
27-02-21,29,Badghis,2902,Muqur,29,Badghis,2901,Qala-e-Naw,248,45,,,
27-02-21,21,Ghor,2104,Dawlatyar,21,Ghor,2101,Chaghcharan,12,2,,,
27-02-21,21,Ghor,2103,DoLayna,21,Ghor,2101,Chaghcharan,14,2,,,
28-02-21,28,Faryab,2805,Almar,27,Jawzjan,2701,Shiberghan,84,12,,,
28-02-21,28,Faryab,2804,Shirintagab,27,Jawzjan,2701,Shiberghan,105,15,,,
28-02-21,28,Faryab,2808,Garziwan,27,Jawzjan,2701,Shiberghan,98,14,,,
28-02-21,20,Sar-e-Pul,2002,Sayad,27,Jawzjan,2701,Shiberghan,119,17,,,
28-02-21,20,Sar-e-Pul,2007,Sancharak,27,Jawzjan,2701,Shiberghan,70,10,,,
28-02-21,27,Jawzjan,2707,Aqcha,27,Jawzjan,2701,Shiberghan,56,8,,,
28-02-21,27,Jawzjan,2706,Khanaqa,27,Jawzjan,2701,Shiberghan,70,10,,,
28-02-21,27,Jawzjan,2702,Mingajik,27,Jawzjan,2701,Shiberghan,84,12,,,
28-02-21,29,Badghis,2901,Qala-e-Naw,29,Badghis,2901,Qala-e-Naw,209,38,,,
28-02-21,21,Ghor,2101,Chaghcharan,21,Ghor,2101,Chaghcharan,416,80,,,
28-02-21,21,Ghor,2104,Dawlatyar,21,Ghor,2101,Chaghcharan,15,3,,,
01-03-21,15,Badakhshan,1518,Keshem,3,Parwan,301,Charikar,28,4,,,
01-03-21,14,Nuristan,1402,Mandol,8,Panjsher,801,Bazarak,70,10,,,
01-03-21,6,Nangarhar,611,Sherzad,6,Nangarhar,601,Jalalabad,553,79,,,
01-03-21,6,Nangarhar,611,Sherzad,6,Nangarhar,601,Jalalabad,672,96,,,
01-03-21,6,Nangarhar,610,Hesarak,6,Nangarhar,601,Jalalabad,259,37,,,
01-03-21,6,Nangarhar,610,Hesarak,6,Nangarhar,601,Jalalabad,301,43,,,
01-03-21,6,Nangarhar,604,Khogyani,6,Nangarhar,601,Jalalabad,133,19,,,
01-03-21,6,Nangarhar,604,Khogyani,6,Nangarhar,601,Jalalabad,140,20,,,
01-03-21,16,Takhar,1614,Khwajaghar,16,Takhar,1601,Taloqan,889,127,,,
01-03-21,21,Ghor,2105,Shahrak,30,Hirat,3002,Injil,105,15,,,
01-03-21,29,Badghis,2906,Balamurghab,29,Badghis,2901,Qala-e-Naw,99,18,,,
01-03-21,29,Badghis,2905,Jawand,21,Ghor,2101,Chaghcharan,10,2,,,
01-03-21,29,Badghis,2903,Abkamari,30,Hirat,3002,Injil,49,7,,,
01-03-21,21,Ghor,2101,Chaghcharan,21,Ghor,2101,Chaghcharan,474,81,,,
02-03-21,16,Takhar,1615,Eshkashem,1,Kabul,101,Kabul,35,5,,,
02-03-21,29,Badghis,2903,Abkamari,29,Badghis,2901,Qala-e-Naw,154,27,,,
02-03-21,21,Ghor,2106,Taywarah,21,Ghor,2101,Chaghcharan,26,3,,,
02-03-21,29,Badghis,2906,Balamurghab,30,Hirat,3002,Injil,63,9,,,
02-03-21,21,Ghor,2107,Pasaband,21,Ghor,2101,Chaghcharan,40,6,,,
03-03-21,21,Ghor,2102,Charsadra,21,Ghor,2101,Chaghcharan,70,10,,,
03-03-21,29,Badghis,2905,Jawand,30,Hirat,3002,Injil,56,8,,,
03-03-21,21,Ghor,2106,Taywarah,21,Ghor,2101,Chaghcharan,23,4,,,
03-03-21,21,Ghor,2102,Charsadra,21,Ghor,2101,Chaghcharan,24,4,,,
04-03-21,21,Ghor,2103,DoLayna,21,Ghor,2101,Chaghcharan,14,2,,,
04-03-21,29,Badghis,2904,Qadis,30,Hirat,3002,Injil,14,2,,,
04-03-21,21,Ghor,2102,Charsadra,21,Ghor,2101,Chaghcharan,24,4,,,
05-03-21,31,Farah,3101,Farah,34,Nimroz,3401,Zaranj,299,37,,,
05-03-21,21,Ghor,2103,DoLayna,30,Hirat,3002,Injil,84,12,,,
05-03-21,29,Badghis,2905,Jawand,29,Badghis,2901,Qala-e-Naw,25,4,,,
05-03-21,21,Ghor,2104,Dawlatyar,21,Ghor,2101,Chaghcharan,15,3,,,
05-03-21,22,Daykundi,2203,Khadir,30,Hirat,3002,Injil,14,2,,,
05-03-21,21,Ghor,2104,Dawlatyar,21,Ghor,2101,Chaghcharan,53,8,,,
06-03-21,29,Badghis,2902,Muqur,29,Badghis,2901,Qala-e-Naw,44,8,,,
06-03-21,21,Ghor,2101,Chaghcharan,21,Ghor,2101,Chaghcharan,474,81,,,
06-03-21,31,Farah,3101,Farah,30,Hirat,3002,Injil,28,4,,,
06-03-21,21,Ghor,2101,Chaghcharan,21,Ghor,2101,Chaghcharan,649,122,,,
06-03-21,21,Ghor,2104,Dawlatyar,21,Ghor,2101,Chaghcharan,14,2,,,
07-03-21,17,Kunduz,1702,Emamsaheb,17,Kunduz,1702,Emamsaheb,252,36,,,
07-03-21,17,Kunduz,1702,Emamsaheb,17,Kunduz,1702,Emamsaheb,735,105,,,
07-03-21,17,Kunduz,1702,Emamsaheb,17,Kunduz,1702,Emamsaheb,1008,144,,,
07-03-21,29,Badghis,2904,Qadis,29,Badghis,2901,Qala-e-Naw,22,4,,,
07-03-21,21,Ghor,2107,Pasaband,21,Ghor,2101,Chaghcharan,40,6,,,
07-03-21,28,Faryab,2807,Kohestan,30,Hirat,3002,Injil,42,6,,,
07-03-21,21,Ghor,2106,Taywarah,21,Ghor,2101,Chaghcharan,21,4,,,
07-03-21,21,Ghor,2101,Chaghcharan,21,Ghor,2101,Chaghcharan,141,30,,,
08-03-21,29,Badghis,2903,Abkamari,29,Badghis,2901,Qala-e-Naw,36,6,,,
08-03-21,21,Ghor,2105,Shahrak,21,Ghor,2101,Chaghcharan,6,1,,,
08-03-21,29,Badghis,2903,Abkamari,30,Hirat,3002,Injil,126,18,,,
08-03-21,11,Ghazni,1114,Muqur,30,Hirat,3002,Injil,7,1,,,
08-03-21,21,Ghor,2109,Tolak,30,Hirat,,Chaghcharan,5,1,,,
08-03-21,29,Badghis,2905,Jawand,21,Ghor,2101,Chaghcharan,10,2,,,
09-03-21,29,Badghis,2902,Muqur,29,Badghis,2901,Qala-e-Naw,42,7,,,
09-03-21,21,Ghor,2106,Taywarah,21,Ghor,2101,Chaghcharan,7,1,,,
09-03-21,21,Ghor,2105,Shahrak,30,Hirat,3002,Injil,49,7,,,
09-03-21,21,Ghor,2107,Pasaband,21,Ghor,2101,Chaghcharan,21,4,,,
10-03-21,7,Laghman,702,Alishang,1,Kabul,101,Kabul,28,4,,,
10-03-21,14,Nuristan,1404,Nurgeram,3,Parwan,301,Charikar,21,3,,,
10-03-21,9,Baghlan,913,Khost Wa Fereng,8,Panjsher,801,Bazarak,70,10,,,
10-03-21,33,Kandahar,3302,Arghandab,33,Kandahar,3301,Kandahar / Dand,1153,164,202,192,759
10-03-21,29,Badghis,2904,Qadis,29,Badghis,2901,Qala-e-Naw,121,20,,,
10-03-21,21,Ghor,2109,Tolak,21,Ghor,2101,Chaghcharan,10,2,,,
10-03-21,29,Badghis,2906,Balamurghab,30,Hirat,3002,Injil,119,17,,,
10-03-21,32,Hilmand,3203,Nad-e-Ali / Marja,30,Hirat,3002,Injil,42,6,,,
10-03-21,21,Ghor,2110,Saghar,21,Ghor,2101,Chaghcharan,24,6,,,
11-03-21,21,Ghor,2102,Charsadra,21,Ghor,2101,Chaghcharan,24,4,,,
11-03-21,32,Hilmand,3202,Nahr-e-Saraj,30,Hirat,3002,Injil,14,2,,,
11-03-21,21,Ghor,2105,Shahrak,21,Ghor,2101,Chaghcharan,29,5,,,
12-03-21,15,Badakhshan,1522,Warduj,15,Badakhshan,1522,Warduj,518,74,,,
12-03-21,21,Ghor,2104,Dawlatyar,21,Ghor,2101,Chaghcharan,53,8,,,
12-03-21,32,Hilmand,3205,Sangin,30,Hirat,3002,Injil,7,1,,,
12-03-21,21,Ghor,2102,Charsadra,21,Ghor,2101,Chaghcharan,27,4,,,
12-03-21,21,Ghor,2106,Taywarah,21,Ghor,2101,Chaghcharan,7,2,,,
13-03-21,28,Faryab,2802,Khwajasabzposh,28,Faryab,2801,Maymana,588,84,,,
13-03-21,28,Faryab,2806,Qaysar,28,Faryab,2801,Maymana,350,50,,,
13-03-21,28,Faryab,2803,Pashtunkot,28,Faryab,2801,Maymana,84,12,,,
13-03-21,28,Faryab,2805,Almar,28,Faryab,2801,Maymana,49,7,,,
13-03-21,28,Faryab,2808,Garziwan,28,Faryab,2801,Maymana,28,4,,,
13-03-21,28,Faryab,2809,Bilcheragh,28,Faryab,2801,Maymana,63,9,,,
13-03-21,28,Faryab,2807,Kohestan,28,Faryab,2801,Maymana,21,3,,,
13-03-21,29,Badghis,2907,Ghormach,28,Faryab,2801,Maymana,14,2,,,
13-03-21,28,Faryab,2810,Dawlatabad,28,Faryab,2801,Maymana,14,2,,,
13-03-21,28,Faryab,2804,Shirintagab,28,Faryab,2801,Maymana,77,11,,,
13-03-21,20,Sar-e-Pul,2001,Sar-e-Pul,28,Faryab,2801,Maymana,7,1,,,
13-03-21,21,Ghor,2102,Charsadra,28,Faryab,2801,Maymana,7,1,,,
13-03-21,9,Baghlan,905,Nahrin,28,Faryab,2801,Maymana,7,1,,,
13-03-21,32,Hilmand,3203,Nad-e-Ali / Marja,28,Faryab,2801,Maymana,7,1,,,
13-03-21,21,Ghor,2101,Chaghcharan,21,Ghor,2101,Chaghcharan,649,122,,,
13-03-21,30,Hirat,3012,Obe,30,Hirat,3002,Injil,63,9,,,
13-03-21,21,Ghor,2104,Dawlatyar,21,Ghor,2101,Chaghcharan,41,6,,,
13-03-21,21,Ghor,2109,Tolak,21,Ghor,2101,Chaghcharan,18,4,,,
14-03-21,5,Logar,504,Barakibarak,5,Logar,501,Pul-e-Alam,490,70,,,
14-03-21,5,Logar,503,Mohammadagha,5,Logar,501,Pul-e-Alam,210,30,,,
14-03-21,13,Kunar,1311,Barkunar,13,Kunar,1311,Barkunar,5,1,1,2,1
14-03-21,13,Kunar,1307,Dara-e-Pech,13,Kunar,1301,Asadabad,60,10,2,2,2
14-03-21,13,Kunar,1302,Watapur,13,Kunar,1301,Asadabad,42,6,2,2,2
14-03-21,13,Kunar,1306,Shigal Wa Sheltan,13,Kunar,1301,Asadabad,62,10,2,2,1
14-03-21,13,Kunar,1305,Marawara,13,Kunar,1305,Marawara,3,1,1,1,1
14-03-21,6,Nangarhar,604,Khogyani,13,Kunar,1301,Asadabad,8,1,2,1,2
14-03-21,13,Kunar,1303,Narang,13,Kunar,1303,Narang,16,2,2,2,2
14-03-21,13,Kunar,1304,Sarkani,13,Kunar,1304,Sarkani,10,2,2,2,2
14-03-21,13,Kunar,1302,Watapur,13,Kunar,1302,Watapur,9,2,2,2,2
14-03-21,21,Ghor,2106,Taywarah,21,Ghor,2101,Chaghcharan,21,4,,,
14-03-21,30,Hirat,3015,Shindand,30,Hirat,3002,Injil,84,12,,,
14-03-21,30,Hirat,3006,Pashtunzarghun,30,Hirat,3002,Injil,42,6,,,
14-03-21,30,Hirat,3010,Adraskan,30,Hirat,3002,Injil,21,3,,,
14-03-21,17,Kunduz,1707,Dasht-e-Archi,30,Hirat,3002,Injil,7,1,,,
14-03-21,4,Wardak,401,Maydanshahr,30,Hirat,3002,Injil,7,1,,,
14-03-21,21,Ghor,2103,DoLayna,21,Ghor,2101,Chaghcharan,10,2,,,
15-03-21,4,Wardak,404,Hesa-e-Awal-e-Behsud,4,Wardak,404,Hesa-e-Awal-e-Behsud,14581,2083,,,
15-03-21,4,Wardak,408,Markaz-e-Behsud,4,Wardak,408,Markaz-e-Behsud,3262,466,,,
15-03-21,31,Farah,3111,Anardara,31,Farah,3101,Farah,18,3,,,
15-03-21,21,Ghor,2109,Tolak,21,Ghor,2101,Chaghcharan,5,1,,,
15-03-21,30,Hirat,3003,Kushk,30,Hirat,3002,Injil,91,13,,,
15-03-21,21,Ghor,2101,Chaghcharan,21,Ghor,2101,Chaghcharan,434,82,,,
16-03-21,33,Kandahar,3302,Arghandab,31,Farah,3101,Farah,5,1,,,
16-03-21,21,Ghor,2107,Pasaband,21,Ghor,2101,Chaghcharan,15,4,,,
17-03-21,31,Farah,3103,Balabuluk,31,Farah,3101,Farah,116,24,,,
17-03-21,21,Ghor,2105,Shahrak,21,Ghor,2101,Chaghcharan,19,3,,,
18-03-21,31,Farah,3101,Farah,31,Farah,3101,Farah,160,30,,,
18-03-21,30,Hirat,3013,Kushk-e-Kohna,30,Hirat,3002,Injil,105,15,,,
18-03-21,29,Badghis,2903,Abkamari,30,Hirat,3002,Injil,28,4,,,
18-03-21,21,Ghor,2106,Taywarah,21,Ghor,2101,Chaghcharan,36,6,,,
19-03-21,31,Farah,3108,Lash-e-Juwayn,31,Farah,3101,Farah,18,3,,,
19-03-21,29,Badghis,2904,Qadis,30,Hirat,3002,Injil,35,5,,,
19-03-21,21,Ghor,2109,Tolak,21,Ghor,2101,Chaghcharan,10,2,,,
20-03-21,23,Uruzgan,2302,Chora / Chinarto,23,Uruzgan,2301,Tirinkot,501,63,,,
20-03-21,31,Farah,3104,Khak-e-Safed,31,Farah,3101,Farah,10,2,,,
20-03-21,21,Ghor,2109,Tolak,30,Hirat,3002,Injil,70,10,,,
20-03-21,29,Badghis,2905,Jawand,21,Ghor,2101,Chaghcharan,34,4,,,
21-03-21,9,Baghlan,901,Pul-e-Khumri,9,Baghlan,901,Pul-e-Khumri,1862,266,,,
21-03-21,31,Farah,3110,Purchaman,31,Farah,3101,Farah,28,6,,,
21-03-21,32,Hilmand,3202,Nahr-e-Saraj,30,Hirat,3002,Injil,56,8,,,
21-03-21,32,Hilmand,3201,Lashkargah,21,Ghor,2101,Chaghcharan,10,2,,,
22-03-21,15,Badakhshan,1503,Argo,8,Panjsher,801,Bazarak,35,5,,,
22-03-21,31,Farah,3105,Pushtrod,31,Farah,3101,Farah,105,15,,,
22-03-21,30,Hirat,3012,Obe,30,Hirat,3002,Injil,70,10,,,
22-03-21,21,Ghor,2102,Charsadra,21,Ghor,2101,Chaghcharan,67,11,,,
23-03-21,31,Farah,3106,Qala-e-Kah,31,Farah,3101,Farah,6,1,,,
23-03-21,30,Hirat,3013,Kushk-e-Kohna,30,Hirat,3002,Injil,63,9,,,
23-03-21,21,Ghor,2104,Dawlatyar,21,Ghor,2101,Chaghcharan,61,10,,,
24-03-21,27,Jawzjan,2707,Aqcha,27,Jawzjan,2701,Shiberghan,182,26,,,
24-03-21,27,Jawzjan,2708,Mardyan,27,Jawzjan,2701,Shiberghan,280,40,,,
24-03-21,27,Jawzjan,2702,Mingajik,27,Jawzjan,2701,Shiberghan,140,20,,,
24-03-21,28,Faryab,2804,Shirintagab,27,Jawzjan,2701,Shiberghan,168,24,,,
24-03-21,28,Faryab,2806,Qaysar,27,Jawzjan,2701,Shiberghan,140,20,,,
24-03-21,28,Faryab,2802,Khwajasabzposh,27,Jawzjan,2701,Shiberghan,70,10,,,
24-03-21,28,Faryab,2805,Almar,28,Faryab,2801,Maymana,560,80,,,
24-03-21,28,Faryab,2803,Pashtunkot,28,Faryab,2801,Maymana,14,2,,,
24-03-21,28,Faryab,2802,Khwajasabzposh,28,Faryab,2801,Maymana,42,6,,,
24-03-21,28,Faryab,2806,Qaysar,28,Faryab,2801,Maymana,14,2,,,
24-03-21,28,Faryab,2807,Kohestan,28,Faryab,2801,Maymana,7,1,,,
24-03-21,33,Kandahar,3311,Spinboldak,30,Hirat,3002,Injil,28,4,,,
24-03-21,21,Ghor,2103,DoLayna,21,Ghor,2101,Chaghcharan,90,15,,,
25-03-21,17,Kunduz,1706,Khanabad,30,Hirat,3002,Injil,56,8,,,
25-03-21,21,Ghor,2101,Chaghcharan,21,Ghor,2101,Chaghcharan,1013,206,,,
25-03-21,20,Sar-e-Pul,2001,Sar-e-Pul,20,Sar-e-Pul,2001,Sar-e-Pul,2086,298,,,
25-03-21,20,Sar-e-Pul,2001,Sar-e-Pul,20,Sar-e-Pul,2001,Sar-e-Pul,2275,325,,,
26-03-21,21,Ghor,2107,Pasaband,21,Ghor,2101,Chaghcharan,11,2,,,
27-03-21,21,Ghor,2105,Shahrak,21,Ghor,2101,Chaghcharan,47,11,,,
28-03-21,21,Ghor,2106,Taywarah,21,Ghor,2101,Chaghcharan,39,8,,,
29-03-21,29,Badghis,2904,Qadis,21,Ghor,2101,Chaghcharan,12,2,,,
30-03-21,19,Samangan,1902,Hazrat-e-Sultan,19,Samangan,1901,Aybak,378,54,,,
30-03-21,19,Samangan,1901,Aybak,19,Samangan,1901,Aybak,490,70,,,
30-03-21,21,Ghor,2110,Saghar,21,Ghor,2101,Chaghcharan,12,2,,,
31-03-21,29,Badghis,2905,Jawand,21,Ghor,2101,Chaghcharan,27,6,,,
01-04-21,28,Faryab,2805,Almar,28,Faryab,2801,Maymana,175,25,,,
01-04-21,28,Faryab,2809,Bilcheragh,28,Faryab,2801,Maymana,70,10,,,
01-04-21,28,Faryab,2803,Pashtunkot,28,Faryab,2801,Maymana,105,15,,,
01-04-21,28,Faryab,2802,Khwajasabzposh,28,Faryab,2801,Maymana,777,111,,,
01-04-21,28,Faryab,2810,Dawlatabad,28,Faryab,2801,Maymana,21,3,,,
01-04-21,28,Faryab,2804,Shirintagab,28,Faryab,2801,Maymana,49,7,,,
01-04-21,28,Faryab,2806,Qaysar,28,Faryab,2801,Maymana,420,60,,,
01-04-21,28,Faryab,2807,Kohestan,28,Faryab,2801,Maymana,56,8,,,
01-04-21,28,Faryab,2808,Garziwan,28,Faryab,2801,Maymana,77,11,,,
01-04-21,30,Hirat,3007,Karukh,28,Faryab,2801,Maymana,7,1,,,
01-04-21,32,Hilmand,3209,Garmser,28,Faryab,2801,Maymana,7,1,,,
01-04-21,29,Badghis,2906,Balamurghab,28,Faryab,2801,Maymana,7,1,,,
01-04-21,28,Faryab,2811,Andkhoy,28,Faryab,2801,Maymana,7,1,,,
02-04-21,4,Wardak,402,Jalrez,10,Bamyan,1001,Bamyan,694,162,,,
04-04-21,16,Takhar,1614,Khwajaghar,16,Takhar,1601,Taloqan,1113,159,,,
05-04-21,34,Nimroz,3405,Khashrod / Dularam,34,Nimroz,3401,Zaranj,160,19,,,
06-04-21,2,Kapisa,205,Tagab,2,Kapisa,204,Hisa-e-Duwum-e-Kohestan,14,2,,,
07-04-21,2,Kapisa,206,Alasay,2,Kapisa,201,Mahmud-e-Raqi,28,4,,,
07-04-21,14,Nuristan,1404,Nurgeram,1,Kabul,101,Kabul,70,10,,,
09-04-21,2,Kapisa,202,Nejrab,2,Kapisa,207,Hisa-e-Awal-e-Kohestan,28,4,,,
09-04-21,15,Badakhshan,1504,Arghanjkhwa,15,Badakhshan,1501,Fayzabad,1939,277,,,
10-04-21,19,Samangan,1906,Khuram Wa Sarbagh,1,Kabul,101,Kabul,42,6,,,
11-04-21,12,Paktya,1204,Zurmat,12,Paktya,1201,Gardez,210,30,,,
12-04-21,9,Baghlan,906,Tala Wa barfak,1,Kabul,101,Kabul,70,10,,,
12-04-21,12,Paktya,1208,Alikhel (Jaji),12,Paktya,1201,Gardez,175,25,,,
14-04-21,11,Ghazni,1110,Qarabagh,1,Kabul,101,Kabul,70,10,,,
14-04-21,12,Paktya,1202,Sayedkaram / Mirzaka,12,Paktya,1201,Gardez,140,20,,,
14-04-21,11,Ghazni,1110,Qarabagh,11,Ghazni,1101,Ghazni,849,119,,,
14-04-21,11,Ghazni,1110,Qarabagh,11,Ghazni,1101,Ghazni,388,61,,,
14-04-21,11,Ghazni,1110,Qarabagh,11,Ghazni,1101,Ghazni,1417,187,,,
14-04-21,11,Ghazni,1102,Khwajaumari,11,Ghazni,1101,Ghazni,1050,150,,,
14-04-21,11,Ghazni,1102,Khwajaumari,11,Ghazni,1101,Ghazni,1064,152,,,
15-04-21,28,Faryab,2805,Almar,20,Sar-e-Pul,2001,Sar-e-Pul,7,1,,,
15-04-21,28,Faryab,2809,Bilcheragh,20,Sar-e-Pul,2001,Sar-e-Pul,14,2,,,
15-04-21,20,Sar-e-Pul,2001,Sar-e-Pul,20,Sar-e-Pul,2001,Sar-e-Pul,91,13,,,
15-04-21,16,Takhar,1610,Chahab,20,Sar-e-Pul,2001,Sar-e-Pul,7,1,,,
15-04-21,27,Jawzjan,2711,Darzab,20,Sar-e-Pul,2001,Sar-e-Pul,7,1,,,
15-04-21,20,Sar-e-Pul,2005,Gosfandi,20,Sar-e-Pul,2001,Sar-e-Pul,7,1,,,
15-04-21,33,Kandahar,3301,Kandahar / Dand,20,Sar-e-Pul,2001,Sar-e-Pul,7,1,,,
15-04-21,20,Sar-e-Pul,2003,Kohestanat,20,Sar-e-Pul,2001,Sar-e-Pul,77,11,,,
15-04-21,20,Sar-e-Pul,2007,Sancharak,20,Sar-e-Pul,2001,Sar-e-Pul,28,4,,,
15-04-21,20,Sar-e-Pul,2002,Sayad,20,Sar-e-Pul,2001,Sar-e-Pul,126,18,,,
15-04-21,20,Sar-e-Pul,2004,Sozmaqala,20,Sar-e-Pul,2001,Sar-e-Pul,21,3,,,
15-04-21,29,Badghis,2903,Abkamari,29,Badghis,2901,Qala-e-Naw,55,11,,,
16-04-21,17,Kunduz,1702,Emamsaheb,17,Kunduz,1702,Emamsaheb,630,90,,,
16-04-21,17,Kunduz,1701,Kunduz,17,Kunduz,1701,Kunduz,1638,234,,,
16-04-21,29,Badghis,2901,Qala-e-Naw,29,Badghis,2901,Qala-e-Naw,24,4,,,
17-04-21,29,Badghis,2905,Jawand,29,Badghis,2901,Qala-e-Naw,36,6,,,
18-04-21,29,Badghis,2902,Muqur,29,Badghis,2901,Qala-e-Naw,152,26,,,
19-04-21,5,Logar,504,Barakibarak,5,Logar,501,Pul-e-Alam,420,60,,,
19-04-21,29,Badghis,2904,Qadis,29,Badghis,2901,Qala-e-Naw,108,18,,,
20-04-21,5,Logar,503,Mohammadagha,5,Logar,501,Pul-e-Alam,245,35,,,
20-04-21,12,Paktya,1209,Janikhel,12,Paktya,1201,Gardez,84,12,,,
20-04-21,33,Kandahar,3312,Arghestan,33,Kandahar,3311,Spinboldak,642,75,,,
20-04-21,33,Kandahar,3312,Arghestan,33,Kandahar,3301,Kandahar / Dand,281,39,,,
20-04-21,29,Badghis,2903,Abkamari,29,Badghis,2901,Qala-e-Naw,149,32,,,
21-04-21,4,Wardak,402,Jalrez,1,Kabul,101,Kabul,35,5,,,
21-04-21,5,Logar,501,Pul-e-Alam,5,Logar,501,Pul-e-Alam,210,30,,,
21-04-21,29,Badghis,2902,Muqur,29,Badghis,2901,Qala-e-Naw,45,6,,,
22-04-21,9,Baghlan,901,Pul-e-Khumri,9,Baghlan,901,Pul-e-Khumri,2324,332,,,
22-04-21,29,Badghis,2904,Qadis,29,Badghis,2901,Qala-e-Naw,160,34,,,
23-04-21,29,Badghis,2904,Qadis,29,Badghis,2901,Qala-e-Naw,662,138,,,
24-04-21,9,Baghlan,901,Pul-e-Khumri,9,Baghlan,901,Pul-e-Khumri,313,332,,,
24-04-21,9,Baghlan,901,Pul-e-Khumri,9,Baghlan,901,Pul-e-Khumri,313,408,,,
24-04-21,9,Baghlan,901,Pul-e-Khumri,9,Baghlan,901,Pul-e-Khumri,313,943,,,
24-04-21,29,Badghis,2905,Jawand,29,Badghis,2901,Qala-e-Naw,176,32,,,
25-04-21,15,Badakhshan,1527,Zebak,15,Badakhshan,1527,Zebak,266,38,,,
29-04-21,7,Laghman,702,Alishang,7,Laghman,701,Mehtarlam / Bad Pash,2807,401,,,
01-05-21,32,Hilmand,3201,Lashkargah,32,Hilmand,3201,Lashkargah,9689,1450,1245,1457,6987
02-05-21,33,Kandahar,3308,Maywand,33,Kandahar,3301,Kandahar / Dand,584,80,,,
03-05-21,2,Kapisa,206,Alasay,1,Kabul,101,Kabul,35,5,,,
03-05-21,6,Nangarhar,612,Pachieragam,6,Nangarhar,612,Pachieragam,1232,176,,,
03-05-21,6,Nangarhar,612,Pachieragam,6,Nangarhar,612,Pachieragam,217,31,,,
03-05-21,6,Nangarhar,612,Pachieragam,6,Nangarhar,603,Surkhrod,678,98,151,198,329
03-05-21,6,Nangarhar,613,Dehbala,6,Nangarhar,613,Dehbala,777,111,,,
04-05-21,6,Nangarhar,603,Surkhrod,6,Nangarhar,603,Surkhrod,70,10,,,
05-05-21,7,Laghman,702,Alishang,8,Panjsher,801,Bazarak,35,5,,,
05-05-21,6,Nangarhar,612,Pachieragam,6,Nangarhar,601,Jalalabad,2443,349,861,768,814
05-05-21,18,Balkh,1805,Balkh,18,Balkh,1801,Mazar-e-Sharif,84,12,,,
05-05-21,18,Balkh,1814,Sholgareh,18,Balkh,1801,Mazar-e-Sharif,105,15,,,
05-05-21,18,Balkh,1804,Dawlatabad,18,Balkh,1802,Nahr-e-Shahi,175,25,,,
05-05-21,19,Samangan,1904,Dara-e-Suf-e-Payin,18,Balkh,1802,Nahr-e-Shahi,315,45,,,
05-05-21,27,Jawzjan,2702,Mingajik,18,Balkh,1802,Nahr-e-Shahi,70,10,,,
05-05-21,27,Jawzjan,2706,Khanaqa,18,Balkh,1802,Nahr-e-Shahi,105,15,,,
05-05-21,28,Faryab,2804,Shirintagab,18,Balkh,1801,Mazar-e-Sharif,70,10,,,
05-05-21,30,Hirat,3012,Obe,30,Hirat,3002,Injil,21,3,,,
06-05-21,17,Kunduz,1704,Chardarah,1,Kabul,101,Kabul,28,4,,,
06-05-21,31,Farah,3110,Purchaman,30,Hirat,3002,Injil,28,4,,,
07-05-21,29,Badghis,2903,Abkamari,30,Hirat,3002,Injil,12,2,,,
08-05-21,30,Hirat,3006,Pashtunzarghun,30,Hirat,3002,Injil,12,2,,,
09-05-21,21,Ghor,2105,Shahrak,30,Hirat,3002,Injil,21,3,,,
10-05-21,17,Kunduz,1701,Kunduz,17,Kunduz,1701,Kunduz,7882,1126,,,
10-05-21,17,Kunduz,1701,Kunduz,17,Kunduz,1701,Kunduz,4116,588,,,
10-05-21,31,Farah,3103,Balabuluk,31,Farah,3101,Farah,96,16,,,
10-05-21,30,Hirat,3015,Shindand,30,Hirat,3002,Injil,200,28,,,
11-05-21,31,Farah,3101,Farah,31,Farah,3101,Farah,174,29,,,
11-05-21,29,Badghis,2904,Qadis,30,Hirat,3002,Injil,49,7,,,
12-05-21,17,Kunduz,1702,Emamsaheb,17,Kunduz,1701,Kunduz,3465,495,,,
12-05-21,26,Khost,2602,Sabari,26,Khost,2601,Khost (Matun),455,65,,,
12-05-21,31,Farah,3109,Gulestan,31,Farah,3101,Farah,12,2,,,
13-05-21,31,Farah,3104,Khak-e-Safed,31,Farah,3101,Farah,36,6,,,
13-05-21,31,Farah,3110,Purchaman,31,Farah,3101,Farah,30,6,,,
13-05-21,31,Farah,3105,Pushtrod,31,Farah,3101,Farah,68,12,,,
13-05-21,31,Farah,3106,Qala-e-Kah,31,Farah,3101,Farah,30,6,,,
13-05-21,28,Faryab,2802,Khwajasabzposh,31,Farah,3101,Farah,12,2,,,
13-05-21,31,Farah,3107,Shibkoh,31,Farah,3101,Farah,12,3,,,
15-05-21,26,Khost,2612,Bak,26,Khost,2601,Khost (Matun),315,45,,,
17-05-21,26,Khost,2609,Qalandar,26,Khost,2601,Khost (Matun),175,25,,,
18-05-21,4,Wardak,403,Nerkh,4,Wardak,401,Maydanshahr,315,45,,,
18-05-21,17,Kunduz,1702,Emamsaheb,17,Kunduz,1701,Kunduz,10290,1470,,,
18-05-21,17,Kunduz,1702,Emamsaheb,17,Kunduz,1701,Kunduz,2044,292,,,
18-05-21,17,Kunduz,1702,Emamsaheb,17,Kunduz,1701,Kunduz,3402,486,,,
18-05-21,28,Faryab,2805,Almar,28,Faryab,2801,Maymana,784,115,,,
18-05-21,28,Faryab,2811,Andkhoy,28,Faryab,2801,Maymana,7,1,,,
18-05-21,28,Faryab,2809,Bilcheragh,28,Faryab,2801,Maymana,28,4,,,
18-05-21,28,Faryab,2803,Pashtunkot,28,Faryab,2801,Maymana,7,1,,,
18-05-21,28,Faryab,2802,Khwajasabzposh,28,Faryab,2801,Maymana,476,68,,,
18-05-21,28,Faryab,2810,Dawlatabad,28,Faryab,2801,Maymana,14,2,,,
18-05-21,28,Faryab,2804,Shirintagab,28,Faryab,2801,Maymana,28,4,,,
18-05-21,28,Faryab,2806,Qaysar,28,Faryab,2801,Maymana,294,42,,,
18-05-21,28,Faryab,2807,Kohestan,28,Faryab,2801,Maymana,21,3,,,
18-05-21,28,Faryab,2808,Garziwan,28,Faryab,2801,Maymana,35,5,,,
18-05-21,26,Khost,2603,Musakhel,26,Khost,2601,Khost (Matun),140,20,,,
18-05-21,31,Farah,3111,Anardara,31,Farah,3101,Farah,20,5,,,
18-05-21,30,Hirat,3012,Obe,30,Hirat,3002,Injil,105,15,,,
19-05-21,31,Farah,3103,Balabuluk,31,Farah,3101,Farah,96,16,,,
19-05-21,21,Ghor,2105,Shahrak,30,Hirat,3002,Injil,119,17,,,
20-05-21,17,Kunduz,1701,Kunduz,17,Kunduz,1701,Kunduz,7665,1095,,,
20-05-21,34,Nimroz,3405,Khashrod / Dularam,34,Nimroz,3401,Zaranj,273,42,76,100,97
20-05-21,31,Farah,3101,Farah,31,Farah,3101,Farah,299,55,,,
20-05-21,29,Badghis,2903,Abkamari,30,Hirat,3002,Injil,70,10,,,
21-05-21,15,Badakhshan,1502,Yaftal-e-Sufla,15,Badakhshan,1502,Yaftal-e-Sufla,2814,402,,,
21-05-21,15,Badakhshan,1502,Yaftal-e-Sufla,15,Badakhshan,1501,Fayzabad,2142,306,,,
21-05-21,15,Badakhshan,1502,Yaftal-e-Sufla,15,Badakhshan,1501,Fayzabad,2457,351,,,
21-05-21,31,Farah,3109,Gulestan,31,Farah,3101,Farah,10,2,,,
21-05-21,31,Farah,3105,Pushtrod,30,Hirat,3002,Injil,42,6,,,
22-05-21,17,Kunduz,1701,Kunduz,17,Kunduz,1701,Kunduz,1470,210,,,
22-05-21,17,Kunduz,1701,Kunduz,17,Kunduz,1701,Kunduz,1106,158,,,
22-05-21,31,Farah,3104,Khak-e-Safed,31,Farah,3101,Farah,11,2,,,
23-05-21,7,Laghman,704,Alingar,7,Laghman,701,Mehtarlam / Bad Pash,6944,992,,,
23-05-21,7,Laghman,704,Alingar,7,Laghman,703,Qarghayi,189,27,,,
23-05-21,13,Kunar,1312,Ghaziabad,13,Kunar,1301,Asadabad,70,10,,,
23-05-21,13,Kunar,1313,Chapadara,13,Kunar,1301,Asadabad,203,29,,,
23-05-21,13,Kunar,1308,Chawkay,13,Kunar,1308,Chawkay,84,12,,,
23-05-21,13,Kunar,1305,Marawara,13,Kunar,1305,Marawara,35,5,,,
23-05-21,13,Kunar,1312,Ghaziabad,14,Nuristan,1401,Poruns,91,13,,,
23-05-21,13,Kunar,1313,Chapadara,14,Nuristan,1401,Poruns,77,11,,,
23-05-21,14,Nuristan,1407,Kamdesh,14,Nuristan,1401,Poruns,63,9,,,
23-05-21,14,Nuristan,1408,Barg-e-Matal,14,Nuristan,1401,Poruns,42,6,,,
23-05-21,14,Nuristan,1405,Wama,14,Nuristan,1401,Poruns,35,5,,,
23-05-21,9,Baghlan,901,Pul-e-Khumri,9,Baghlan,901,Pul-e-Khumri,313,402,,,
23-05-21,27,Jawzjan,2702,Mingajik,27,Jawzjan,2701,Shiberghan,126,18,,,
23-05-21,27,Jawzjan,2706,Khanaqa,27,Jawzjan,2701,Shiberghan,21,3,,,
23-05-21,27,Jawzjan,2707,Aqcha,27,Jawzjan,2701,Shiberghan,161,23,,,
23-05-21,27,Jawzjan,2705,Fayzabad,27,Jawzjan,2701,Shiberghan,28,4,,,
23-05-21,27,Jawzjan,2708,Mardyan,27,Jawzjan,2701,Shiberghan,63,9,,,
23-05-21,28,Faryab,2809,Bilcheragh,27,Jawzjan,2701,Shiberghan,21,3,,,
23-05-21,28,Faryab,2810,Dawlatabad,27,Jawzjan,2701,Shiberghan,35,5,,,
23-05-21,28,Faryab,2802,Khwajasabzposh,27,Jawzjan,2701,Shiberghan,98,14,,,
23-05-21,28,Faryab,2808,Garziwan,27,Jawzjan,2701,Shiberghan,7,1,,,
23-05-21,28,Faryab,2804,Shirintagab,27,Jawzjan,2701,Shiberghan,14,2,,,
23-05-21,28,Faryab,2805,Almar,27,Jawzjan,2701,Shiberghan,56,8,,,
23-05-21,28,Faryab,2803,Pashtunkot,27,Jawzjan,2701,Shiberghan,21,3,,,
23-05-21,20,Sar-e-Pul,2001,Sar-e-Pul,27,Jawzjan,2701,Shiberghan,238,34,,,
23-05-21,20,Sar-e-Pul,2003,Kohestanat,27,Jawzjan,2701,Shiberghan,42,6,,,
23-05-21,20,Sar-e-Pul,2004,Sozmaqala,27,Jawzjan,2701,Shiberghan,49,7,,,
23-05-21,20,Sar-e-Pul,2002,Sayad,27,Jawzjan,2701,Shiberghan,91,13,,,
23-05-21,20,Sar-e-Pul,2005,Gosfandi,27,Jawzjan,2701,Shiberghan,84,12,,,
23-05-21,31,Farah,3105,Pushtrod,31,Farah,3101,Farah,92,14,,,
24-05-21,31,Farah,3107,Shibkoh,31,Farah,3101,Farah,11,2,,,
25-05-21,33,Kandahar,3303,Zheray,33,Kandahar,3301,Kandahar / Dand,140,16,55,24,61
25-05-21,33,Kandahar,3308,Maywand,33,Kandahar,3301,Kandahar / Dand,960,156,150,180,626
25-05-21,24,Zabul,2403,Mizan,24,Zabul,2401,Qalat,269,31,56,60,153
25-05-21,32,Hilmand,3205,Sangin,31,Farah,3101,Farah,13,2,,,
26-05-21,30,Hirat,3015,Shindand,31,Farah,3101,Farah,6,1,,,
27-05-21,6,Nangarhar,617,Achin,6,Nangarhar,617,Achin,1140,165,,,
27-05-21,6,Nangarhar,617,Achin,6,Nangarhar,618,Shinwar,1568,224,,,
27-05-21,6,Nangarhar,617,Achin,6,Nangarhar,619,Muhmand Dara,441,63,,,
27-05-21,31,Farah,3102,Bakwa,31,Farah,3101,Farah,16,3,,,
27-05-21,6,Nangarhar,617,Achin,6,Nangarhar,622,Durbaba,1792,256,,,
28-05-21,14,Nuristan,1402,Mandol,8,Panjsher,801,Bazarak,21,3,,,
28-05-21,31,Farah,3103,Balabuluk,31,Farah,3101,Farah,167,26,,,
29-05-21,31,Farah,3101,Farah,31,Farah,3101,Farah,168,31,,,
30-05-21,31,Farah,3104,Khak-e-Safed,31,Farah,3101,Farah,25,6,,,
31-05-21,17,Kunduz,1706,Khanabad,17,Kunduz,1701,Kunduz,2051,293,,,
31-05-21,31,Farah,3110,Purchaman,31,Farah,3101,Farah,54,10,,,
01-06-21,17,Kunduz,1701,Kunduz,17,Kunduz,1701,Kunduz,3115,445,,,
01-06-21,17,Kunduz,1701,Kunduz,17,Kunduz,1701,Kunduz,4445,635,,,
01-06-21,17,Kunduz,1701,Kunduz,17,Kunduz,1701,Kunduz,2205,315,,,
01-06-21,17,Kunduz,1701,Kunduz,17,Kunduz,1701,Kunduz,1344,192,,,
01-06-21,18,Balkh,1814,Sholgareh,18,Balkh,1802,Nahr-e-Shahi,595,85,,,
01-06-21,18,Balkh,1816,Zari,18,Balkh,1802,Nahr-e-Shahi,357,51,,,
01-06-21,34,Nimroz,3405,Khashrod / Dularam,34,Nimroz,3401,Zaranj,157,19,26,28,103
01-06-21,24,Zabul,2406,Shahjoy,24,Zabul,2406,Shahjoy,1564,165,,,
01-06-21,31,Farah,3105,Pushtrod,31,Farah,3101,Farah,8,5,,,
02-06-21,31,Farah,3105,Pushtrod,31,Farah,3101,Farah,59,10,,,
03-06-21,28,Faryab,2802,Khwajasabzposh,31,Farah,3101,Farah,18,4,,,
04-06-21,16,Takhar,1607,Farkhar,16,Takhar,1601,Taloqan,1043,149,,,
04-06-21,16,Takhar,1610,Chahab,16,Takhar,1601,Taloqan,434,62,,,
04-06-21,16,Takhar,1610,Chahab,16,Takhar,1601,Taloqan,462,66,,,
04-06-21,16,Takhar,1610,Chahab,16,Takhar,1601,Taloqan,1218,174,,,
05-06-21,5,Logar,504,Barakibarak,1,Kabul,101,Kabul,1050,40,,,
06-06-21,5,Logar,504,Barakibarak,5,Logar,501,Pul-e-Alam,245,35,,,
06-06-21,16,Takhar,1604,Bangi,16,Takhar,1601,Taloqan,742,106,,,
06-06-21,12,Paktya,1204,Zurmat,12,Paktya,1201,Gardez,350,50,,,
06-06-21,12,Paktya,1202,Sayedkaram / Mirzaka,12,Paktya,1201,Gardez,210,30,,,
06-06-21,12,Paktya,1208,Alikhel (Jaji),12,Paktya,1201,Gardez,133,19,,,
07-06-21,5,Logar,505,Charkh,5,Logar,501,Pul-e-Alam,140,20,,,
07-06-21,26,Khost,2602,Sabari,26,Khost,2601,Khost (Matun),490,70,,,
08-06-21,9,Baghlan,904,Doshi,8,Panjsher,801,Bazarak,70,10,,,
08-06-21,5,Logar,503,Mohammadagha,5,Logar,501,Pul-e-Alam,77,11,,,
08-06-21,26,Khost,2603,Musakhel,26,Khost,2601,Khost (Matun),266,38,,,
10-06-21,9,Baghlan,904,Doshi,1,Kabul,101,Kabul,700,50,,,
10-06-21,16,Takhar,1601,Taloqan,16,Takhar,1601,Taloqan,1932,276,,,
10-06-21,16,Takhar,1601,Taloqan,16,Takhar,1601,Taloqan,2849,407,,,
10-06-21,21,Ghor,2102,Charsadra,21,Ghor,2101,Chaghcharan,13,2,,,
11-06-21,2,Kapisa,205,Tagab,1,Kabul,101,Kabul,700,25,,,
11-06-21,16,Takhar,1603,Baharak,16,Takhar,1601,Taloqan,651,93,,,
11-06-21,16,Takhar,1604,Bangi,16,Takhar,1601,Taloqan,462,66,,,
11-06-21,21,Ghor,2104,Dawlatyar,21,Ghor,2101,Chaghcharan,28,5,,,
12-06-21,11,Ghazni,1110,Qarabagh,1,Kabul,101,Kabul,770,10,,,
12-06-21,21,Ghor,2103,DoLayna,21,Ghor,2101,Chaghcharan,22,4,,,
13-06-21,17,Kunduz,1701,Kunduz,17,Kunduz,1701,Kunduz,7091,1013,,,
13-06-21,15,Badakhshan,1502,Yaftal-e-Sufla,15,Badakhshan,1501,Fayzabad,287,41,,,
13-06-21,17,Kunduz,1701,Kunduz,17,Kunduz,1701,Kunduz,10164,1452,,,
13-06-21,17,Kunduz,1701,Kunduz,17,Kunduz,1701,Kunduz,10164,1452,,,
13-06-21,12,Paktya,1204,Zurmat,12,Paktya,1201,Gardez,630,90,,,
13-06-21,21,Ghor,2101,Chaghcharan,21,Ghor,2101,Chaghcharan,394,64,,,
14-06-21,2,Kapisa,205,Tagab,1,Kabul,101,Kabul,70,10,,,
14-06-21,12,Paktya,1208,Alikhel (Jaji),12,Paktya,1201,Gardez,280,40,,,
14-06-21,21,Ghor,2105,Shahrak,21,Ghor,2101,Chaghcharan,107,20,,,
15-06-21,22,Daykundi,2205,Gizab / Patoo,22,Daykundi,2201,Nili,12646,1830,2293,2882,7471
15-06-21,22,Daykundi,2205,Gizab / Patoo,22,Daykundi,2204,Kiti,3276,468,,,
15-06-21,4,Wardak,407,Saydabad,1,Kabul,101,Kabul,623,20,,,
15-06-21,17,Kunduz,1702,Emamsaheb,1,Kabul,101,Kabul,49,7,,,
15-06-21,12,Paktya,1209,Janikhel,1,Kabul,101,Kabul,70,10,,,
15-06-21,11,Ghazni,1118,Gelan,11,Ghazni,1118,Gelan,5140,795,,,
15-06-21,11,Ghazni,1110,Qarabagh,11,Ghazni,1110,Qarabagh,6048,864,,,
15-06-21,11,Ghazni,1114,Muqur,11,Ghazni,1114,Muqur,5215,745,,,
15-06-21,24,Zabul,2406,Shahjoy,24,Zabul,2401,Qalat,217,27,42,50,125
15-06-21,21,Ghor,2109,Tolak,21,Ghor,2101,Chaghcharan,18,3,,,
15-06-21,31,Farah,3103,Balabuluk,31,Farah,3101,Farah,105,18,,,
15-06-21,30,Hirat,3015,Shindand,30,Hirat,3001,Hirat,252,36,,,
15-06-21,21,Ghor,2101,Chaghcharan,21,Ghor,2101,Chaghcharan,161,26,,,
16-06-21,12,Paktya,1202,Sayedkaram / Mirzaka,12,Paktya,1201,Gardez,245,35,,,
16-06-21,32,Hilmand,3202,Nahr-e-Saraj,32,Hilmand,3201,Lashkargah,1898,304,262,306,1330
16-06-21,7,Laghman,704,Alingar,21,Ghor,2101,Chaghcharan,6,1,,,
16-06-21,31,Farah,3101,Farah,31,Farah,3101,Farah,242,46,,,
16-06-21,3,Parwan,303,Shinwari,3,Parwan,301,Charikar,70,10,,,
17-06-21,17,Kunduz,1702,Emamsaheb,8,Panjsher,801,Bazarak,37,5,,,
17-06-21,13,Kunar,1312,Ghaziabad,13,Kunar,1311,Barkunar,1379,197,,,
17-06-21,12,Paktya,1206,Zadran,12,Paktya,1201,Gardez,224,32,,,
17-06-21,28,Faryab,2808,Garziwan,21,Ghor,2101,Chaghcharan,8,1,,,
17-06-21,31,Farah,3109,Gulestan,31,Farah,3101,Farah,25,3,,,
17-06-21,29,Badghis,2903,Abkamari,30,Hirat,3001,Hirat,56,8,,,
18-06-21,5,Logar,504,Barakibarak,1,Kabul,101,Kabul,140,20,,,
18-06-21,27,Jawzjan,2702,Mingajik,27,Jawzjan,2701,Shiberghan,301,43,,,
18-06-21,27,Jawzjan,2706,Khanaqa,27,Jawzjan,2701,Shiberghan,112,16,,,
18-06-21,27,Jawzjan,2707,Aqcha,27,Jawzjan,2701,Shiberghan,154,22,,,
18-06-21,27,Jawzjan,2705,Fayzabad,27,Jawzjan,2701,Shiberghan,357,51,,,
18-06-21,27,Jawzjan,2708,Mardyan,27,Jawzjan,2701,Shiberghan,133,19,,,
18-06-21,28,Faryab,2809,Bilcheragh,27,Jawzjan,2701,Shiberghan,56,8,,,
18-06-21,28,Faryab,2810,Dawlatabad,27,Jawzjan,2701,Shiberghan,126,18,,,
18-06-21,28,Faryab,2802,Khwajasabzposh,27,Jawzjan,2701,Shiberghan,77,11,,,
18-06-21,28,Faryab,2808,Garziwan,27,Jawzjan,2701,Shiberghan,14,2,,,
18-06-21,28,Faryab,2804,Shirintagab,27,Jawzjan,2701,Shiberghan,119,17,,,
18-06-21,28,Faryab,2805,Almar,27,Jawzjan,2701,Shiberghan,217,31,,,
18-06-21,28,Faryab,2803,Pashtunkot,27,Jawzjan,2701,Shiberghan,28,4,,,
18-06-21,28,Faryab,2811,Andkhoy,27,Jawzjan,2701,Shiberghan,287,41,,,
18-06-21,28,Faryab,2814,Qorghan,27,Jawzjan,2701,Shiberghan,105,15,,,
18-06-21,28,Faryab,2812,Qaramqol,27,Jawzjan,2701,Shiberghan,56,8,,,
18-06-21,29,Badghis,2907,Ghormach,27,Jawzjan,2701,Shiberghan,14,2,,,
18-06-21,20,Sar-e-Pul,2001,Sar-e-Pul,27,Jawzjan,2701,Shiberghan,119,17,,,
18-06-21,20,Sar-e-Pul,2003,Kohestanat,27,Jawzjan,2701,Shiberghan,91,13,,,
18-06-21,20,Sar-e-Pul,2004,Sozmaqala,27,Jawzjan,2701,Shiberghan,77,11,,,
18-06-21,20,Sar-e-Pul,2002,Sayad,27,Jawzjan,2701,Shiberghan,126,18,,,
18-06-21,20,Sar-e-Pul,2005,Gosfandi,27,Jawzjan,2701,Shiberghan,28,4,,,
18-06-21,29,Badghis,2905,Jawand,21,Ghor,2101,Chaghcharan,20,3,,,
18-06-21,31,Farah,3105,Pushtrod,31,Farah,3101,Farah,109,17,,,
18-06-21,29,Badghis,2901,Qala-e-Naw,30,Hirat,3001,Hirat,154,22,,,
19-06-21,33,Kandahar,3308,Maywand,21,Ghor,2101,Chaghcharan,14,2,,,
19-06-21,31,Farah,3106,Qala-e-Kah,31,Farah,3101,Farah,27,4,,,
19-06-21,29,Badghis,2906,Balamurghab,30,Hirat,3001,Hirat,35,5,,,
19-06-21,29,Badghis,2905,Jawand,30,Hirat,3001,Hirat,28,4,,,
20-06-21,16,Takhar,1603,Baharak,16,Takhar,1601,Taloqan,798,114,,,
20-06-21,15,Badakhshan,1510,Darayem,15,Badakhshan,1501,Fayzabad,882,126,,,
20-06-21,9,Baghlan,901,Pul-e-Khumri,9,Baghlan,901,Pul-e-Khumri,7434,1062,,,
20-06-21,9,Baghlan,901,Pul-e-Khumri,9,Baghlan,901,Pul-e-Khumri,2149,307,,,
20-06-21,26,Khost,2602,Sabari,26,Khost,2602,Sabari,560,80,,,
20-06-21,23,Uruzgan,2302,Chora / Chinarto,23,Uruzgan,2301,Tirinkot,585,85,95,90,300
20-06-21,29,Badghis,2902,Muqur,30,Hirat,3001,Hirat,98,14,,,
21-06-21,16,Takhar,1601,Taloqan,16,Takhar,1601,Taloqan,938,134,,,
21-06-21,26,Khost,2603,Musakhel,26,Khost,2601,Khost (Matun),5887,841,,,
21-06-21,26,Khost,2604,Nadirshahkot,26,Khost,2604,Nadirshahkot,490,70,,,
22-06-21,9,Baghlan,904,Doshi,3,Parwan,301,Charikar,231,33,,,
22-06-21,26,Khost,2603,Musakhel,26,Khost,2603,Musakhel,329,47,,,
22-06-21,11,Ghazni,1105,Andar,25,Paktika,2503,Yosufkhel,420,60,,,
22-06-21,29,Badghis,2904,Qadis,30,Hirat,3001,Hirat,84,12,,,
22-06-21,3,Parwan,307,Ghorband,3,Parwan,301,Charikar,140,20,,,
23-06-21,4,Wardak,407,Saydabad,1,Kabul,101,Kabul,70,10,,,
23-06-21,3,Parwan,309,Shekhali,3,Parwan,301,Charikar,140,20,,,
23-06-21,28,Faryab,2801,Maymana,28,Faryab,2801,Maymana,441,63,,,
23-06-21,28,Faryab,2803,Pashtunkot,28,Faryab,2801,Maymana,2842,406,,,
23-06-21,28,Faryab,2805,Almar,28,Faryab,2801,Maymana,28,4,,,
23-06-21,28,Faryab,2802,Khwajasabzposh,28,Faryab,2801,Maymana,35,5,,,
23-06-21,28,Faryab,2804,Shirintagab,28,Faryab,2801,Maymana,7,1,,,
23-06-21,28,Faryab,2808,Garziwan,28,Faryab,2801,Maymana,7,1,,,
23-06-21,28,Faryab,2807,Kohestan,28,Faryab,2801,Maymana,14,2,,,
23-06-21,28,Faryab,2803,Pashtunkot,28,Faryab,2801,Maymana,7189,1027,,,
23-06-21,28,Faryab,2801,Maymana,28,Faryab,2801,Maymana,1988,284,,,
23-06-21,28,Faryab,2802,Khwajasabzposh,28,Faryab,2801,Maymana,147,21,,,
23-06-21,28,Faryab,2808,Garziwan,28,Faryab,2801,Maymana,14,2,,,
23-06-21,28,Faryab,2810,Dawlatabad,28,Faryab,2801,Maymana,14,2,,,
23-06-21,28,Faryab,2806,Qaysar,28,Faryab,2801,Maymana,7,3,,,
23-06-21,28,Faryab,2805,Almar,28,Faryab,2801,Maymana,7,1,,,
23-06-21,32,Hilmand,3202,Nahr-e-Saraj,33,Kandahar,3301,Kandahar / Dand,355,49,56,54,225
23-06-21,33,Kandahar,3308,Maywand,33,Kandahar,3301,Kandahar / Dand,346,47,55,58,233
24-06-21,11,Ghazni,1110,Qarabagh,1,Kabul,101,Kabul,70,10,,,
24-06-21,3,Parwan,307,Ghorband,3,Parwan,301,Charikar,210,30,,,
24-06-21,16,Takhar,1601,Taloqan,16,Takhar,1601,Taloqan,756,108,,,
24-06-21,3,Parwan,310,Surkh-e-Parsa,3,Parwan,301,Charikar,105,15,,,
25-06-21,3,Parwan,303,Shinwari,3,Parwan,301,Charikar,280,40,,,
25-06-21,16,Takhar,1610,Chahab,8,Panjsher,803,Rukha,70,10,,,
25-06-21,17,Kunduz,1701,Kunduz,15,Badakhshan,1501,Fayzabad,1043,149,,,
25-06-21,16,Takhar,1601,Taloqan,16,Takhar,1601,Taloqan,1435,205,,,
25-06-21,12,Paktya,1204,Zurmat,25,Paktika,2501,Sharan,413,59,,,
26-06-21,13,Kunar,1312,Ghaziabad,6,Nangarhar,602,Behsud,85,13,19,22,44
26-06-21,13,Kunar,1312,Ghaziabad,13,Kunar,1311,Barkunar,3325,475,,,
26-06-21,13,Kunar,1312,Ghaziabad,13,Kunar,1306,Shigal Wa Sheltan,105,15,,,
26-06-21,13,Kunar,1312,Ghaziabad,13,Kunar,1301,Asadabad,2373,339,,,
26-06-21,13,Kunar,1311,Barkunar,13,Kunar,1301,Asadabad,1526,218,,,
26-06-21,16,Takhar,1601,Taloqan,16,Takhar,1601,Taloqan,4081,583,,,
28-06-21,9,Baghlan,904,Doshi,8,Panjsher,801,Bazarak,210,30,,,
28-06-21,7,Laghman,704,Alingar,7,Laghman,701,Mehtarlam / Bad Pash,896,128,,,
28-06-21,7,Laghman,704,Alingar,7,Laghman,701,Mehtarlam / Bad Pash,6566,938,,,
28-06-21,7,Laghman,704,Alingar,7,Laghman,701,Mehtarlam / Bad Pash,343,49,,,
29-06-21,2,Kapisa,206,Alasay,2,Kapisa,201,Mahmud-e-Raqi,105,15,,,
30-06-21,7,Laghman,705,Dawlatshah,8,Panjsher,806,Onaba (Anawa),70,10,,,
30-06-21,28,Faryab,2801,Maymana,30,Hirat,3001,Hirat,42,6,,,
30-06-21,9,Baghlan,904,Doshi,3,Parwan,302,Jabalussaraj,140,20,,,
01-07-21,2,Kapisa,205,Tagab,2,Kapisa,202,Nejrab,35,5,,,
01-07-21,5,Logar,504,Barakibarak,5,Logar,501,Pul-e-Alam,630,90,,,
01-07-21,16,Takhar,1601,Taloqan,16,Takhar,1601,Taloqan,700,100,,,
01-07-21,16,Takhar,1609,Rostaq,16,Takhar,1601,Taloqan,371,53,,,
01-07-21,16,Takhar,1601,Taloqan,16,Takhar,1601,Taloqan,812,116,,,
01-07-21,17,Kunduz,1701,Kunduz,15,Badakhshan,1501,Fayzabad,2786,398,,,
01-07-21,17,Kunduz,1701,Kunduz,17,Kunduz,1701,Kunduz,2961,423,,,
01-07-21,19,Samangan,1903,Feroznakhchir,19,Samangan,1902,Hazrat-e-Sultan,5180,740,,,
01-07-21,19,Samangan,1902,Hazrat-e-Sultan,19,Samangan,1901,Aybak,3850,550,,,
01-07-21,19,Samangan,1901,Aybak,19,Samangan,1901,Aybak,2506,358,,,
01-07-21,31,Farah,3102,Bakwa,31,Farah,3101,Farah,15,2,,,
01-07-21,28,Faryab,2806,Qaysar,30,Hirat,3001,Hirat,21,3,,,
02-07-21,29,Badghis,2901,Qala-e-Naw,30,Hirat,3002,Injil,2478,352,,,
02-07-21,21,Ghor,2104,Dawlatyar,21,Ghor,2108,Lal Wa Sarjangal,8497,1400,,,
02-07-21,31,Farah,3103,Balabuluk,31,Farah,3101,Farah,13,3,,,
03-07-21,5,Logar,506,Kharwar,5,Logar,501,Pul-e-Alam,490,70,,,
03-07-21,16,Takhar,1601,Taloqan,16,Takhar,1601,Taloqan,1008,144,,,
03-07-21,16,Takhar,1603,Baharak,16,Takhar,1601,Taloqan,3668,524,,,
03-07-21,29,Badghis,2901,Qala-e-Naw,30,Hirat,3002,Injil,2149,307,,,
03-07-21,31,Farah,3101,Farah,31,Farah,3101,Farah,76,13,,,
03-07-21,21,Ghor,2104,Dawlatyar,21,Ghor,2108,Lal Wa Sarjangal,140,20,,,
04-07-21,5,Logar,502,Khoshi,5,Logar,501,Pul-e-Alam,266,38,,,
04-07-21,17,Kunduz,1701,Kunduz,17,Kunduz,1701,Kunduz,9268,1324,,,
04-07-21,29,Badghis,2901,Qala-e-Naw,29,Badghis,2901,Qala-e-Naw,4524,754,,,
04-07-21,29,Badghis,2901,Qala-e-Naw,29,Badghis,2904,Qadis,12576,2096,,,
04-07-21,29,Badghis,2901,Qala-e-Naw,29,Badghis,2903,Abkamari,10404,1734,,,
04-07-21,29,Badghis,2901,Qala-e-Naw,29,Badghis,2902,Muqur,8660,1436,,,
04-07-21,31,Farah,3104,Khak-e-Safed,31,Farah,3101,Farah,51,7,,,
04-07-21,21,Ghor,2105,Shahrak,21,Ghor,2108,Lal Wa Sarjangal,84,12,,,
05-07-21,29,Badghis,2901,Qala-e-Naw,30,Hirat,3002,Injil,1141,163,,,
05-07-21,31,Farah,3105,Pushtrod,31,Farah,3101,Farah,73,12,,,
05-07-21,30,Hirat,3002,Injil,30,Hirat,3001,Hirat,42,6,,,
05-07-21,29,Badghis,2901,Qala-e-Naw,30,Hirat,3001,Hirat,1246,178,,,
05-07-21,29,Badghis,2903,Abkamari,30,Hirat,3001,Hirat,182,26,,,
05-07-21,29,Badghis,2902,Muqur,30,Hirat,3001,Hirat,105,15,,,
05-07-21,29,Badghis,2904,Qadis,30,Hirat,3001,Hirat,91,13,,,
05-07-21,31,Farah,3102,Bakwa,31,Farah,3101,Farah,26,4,,,
05-07-21,21,Ghor,2109,Tolak,21,Ghor,2108,Lal Wa Sarjangal,91,13,,,
06-07-21,29,Badghis,2901,Qala-e-Naw,30,Hirat,3002,Injil,4242,606,,,
06-07-21,31,Farah,3106,Qala-e-Kah,31,Farah,3101,Farah,6,1,,,
06-07-21,31,Farah,3103,Balabuluk,31,Farah,3101,Farah,197,28,,,
06-07-21,21,Ghor,2101,Chaghcharan,21,Ghor,2108,Lal Wa Sarjangal,175,25,,,
06-07-21,21,Ghor,,Jawand,21,Ghor,2108,Lal Wa Sarjangal,70,10,,,
07-07-21,16,Takhar,1601,Taloqan,16,Takhar,1601,Taloqan,1624,232,,,
07-07-21,31,Farah,3101,Farah,31,Farah,3101,Farah,111,16,,,
07-07-21,21,Ghor,2110,Saghar,21,Ghor,2108,Lal Wa Sarjangal,84,12,,,
07-07-21,21,Ghor,2103,DoLayna,21,Ghor,2108,Lal Wa Sarjangal,95,14,,,
07-07-21,12,Paktya,1209,Janikhel,12,Paktya,1201,Gardez,280,40,,,
08-07-21,19,Samangan,1905,Dara-e Suf-e-Bala,18,Balkh,1801,Mazar-e-Sharif,420,60,,,
08-07-21,18,Balkh,1802,Nahr-e-Shahi,18,Balkh,1802,Nahr-e-Shahi,357,51,,,
08-07-21,18,Balkh,1814,Sholgareh,18,Balkh,1801,Mazar-e-Sharif,350,50,,,
08-07-21,18,Balkh,1816,Zari,18,Balkh,1802,Nahr-e-Shahi,427,61,,,
08-07-21,18,Balkh,1812,Charbulak,18,Balkh,1801,Mazar-e-Sharif,350,50,,,
08-07-21,30,Hirat,3007,Karukh,30,Hirat,3001,Hirat,1904,272,,,
08-07-21,30,Hirat,3005,Guzara,30,Hirat,3001,Hirat,252,36,,,
08-07-21,21,Ghor,2101,Chaghcharan,30,Hirat,3001,Hirat,259,37,,,
08-07-21,21,Ghor,2106,Taywarah,30,Hirat,3001,Hirat,140,20,,,
08-07-21,21,Ghor,2110,Saghar,30,Hirat,3001,Hirat,91,13,,,
08-07-21,21,Ghor,2105,Shahrak,30,Hirat,3001,Hirat,35,5,,,
08-07-21,30,Hirat,3013,Kushk-e-Kohna,30,Hirat,3001,Hirat,350,50,,,
08-07-21,30,Hirat,3010,Adraskan,30,Hirat,3001,Hirat,56,8,,,
08-07-21,30,Hirat,3009,Ghoryan,30,Hirat,3001,Hirat,42,6,,,
08-07-21,30,Hirat,3008,Gulran,30,Hirat,3001,Hirat,112,16,,,
08-07-21,30,Hirat,3005,Guzara,30,Hirat,3001,Hirat,42,6,,,
08-07-21,30,Hirat,3002,Injil,30,Hirat,3001,Hirat,161,23,,,
08-07-21,30,Hirat,3007,Karukh,30,Hirat,3001,Hirat,56,8,,,
08-07-21,30,Hirat,3003,Kushk,30,Hirat,3001,Hirat,56,8,,,
08-07-21,30,Hirat,3012,Obe,30,Hirat,3001,Hirat,56,8,,,
08-07-21,30,Hirat,3006,Pashtunzarghun,30,Hirat,3001,Hirat,168,24,,,
08-07-21,33,Kandahar,3310,Shorabak,30,Hirat,3001,Hirat,42,6,,,
08-07-21,21,Ghor,2109,Tolak,21,Ghor,2108,Lal Wa Sarjangal,56,8,,,
08-07-21,21,Ghor,2101,Chaghcharan,21,Ghor,2103,DoLayna,149,27,,,
09-07-21,9,Baghlan,904,Doshi,1,Kabul,101,Kabul,280,40,,,
09-07-21,10,Bamyan,1006,Kahmard,1,Kabul,101,Kabul,385,55,,,
09-07-21,9,Baghlan,904,Doshi,1,Kabul,101,Kabul,490,70,,,
09-07-21,10,Bamyan,1006,Kahmard,1,Kabul,101,Kabul,350,50,,,
09-07-21,33,Kandahar,3301,Kandahar / Dand,33,Kandahar,3301,Kandahar / Dand,6404,1012,1164,1172,4068
09-07-21,30,Hirat,3015,Shindand,30,Hirat,3001,Hirat,105,15,,,
09-07-21,21,Ghor,2106,Taywarah,21,Ghor,2108,Lal Wa Sarjangal,84,12,,,
09-07-21,21,Ghor,2101,Chaghcharan,21,Ghor,2103,DoLayna,55,385,,,
10-07-21,10,Bamyan,1001,Bamyan,10,Bamyan,1004,Panjab,14546,2078,,,
10-07-21,10,Bamyan,1001,Bamyan,10,Bamyan,1003,Yakawlang,16625,2375,,,
10-07-21,10,Bamyan,1001,Bamyan,10,Bamyan,1005,Shibar,3339,477,,,
10-07-21,10,Bamyan,1001,Bamyan,10,Bamyan,1007,Waras,19208,2744,,,
10-07-21,10,Bamyan,1001,Bamyan,10,Bamyan,1001,Bamyan,31836,4548,,,
10-07-21,10,Bamyan,1001,Bamyan,10,Bamyan,1006,Kahmard,3710,530,,,
10-07-21,10,Bamyan,1001,Bamyan,10,Bamyan,1002,Sayghan,1141,163,,,
10-07-21,11,Ghazni,1114,Muqur,1,Kabul,101,Kabul,175,25,,,
10-07-21,11,Ghazni,1117,Malestan,1,Kabul,101,Kabul,1400,200,,,
10-07-21,15,Badakhshan,1503,Argo,15,Badakhshan,1501,Fayzabad,2646,378,,,
10-07-21,17,Kunduz,1701,Kunduz,15,Badakhshan,1501,Fayzabad,252,36,,,
10-07-21,24,Zabul,2401,Qalat,24,Zabul,2401,Qalat,120,15,,,
10-07-21,21,Ghor,2105,Shahrak,21,Ghor,2108,Lal Wa Sarjangal,56,8,,,
10-07-21,21,Ghor,2109,Tolak,21,Ghor,2103,DoLayna,21,147,,,
11-07-21,2,Kapisa,205,Tagab,1,Kabul,101,Kabul,301,43,,,
11-07-21,2,Kapisa,205,Tagab,1,Kabul,101,Kabul,350,50,,,
11-07-21,21,Ghor,2105,Shahrak,21,Ghor,2103,DoLayna,36,252,,,
12-07-21,5,Logar,504,Barakibarak,1,Kabul,101,Kabul,420,60,,,
12-07-21,3,Parwan,307,Ghorband,1,Kabul,101,Kabul,28,4,,,
12-07-21,5,Logar,504,Barakibarak,1,Kabul,101,Kabul,280,40,,,
12-07-21,3,Parwan,307,Ghorband,1,Kabul,101,Kabul,469,67,,,
12-07-21,21,Ghor,2106,Taywarah,21,Ghor,2103,DoLayna,42,294,,,
13-07-21,4,Wardak,407,Saydabad,1,Kabul,101,Kabul,140,20,,,
13-07-21,4,Wardak,407,Saydabad,1,Kabul,101,Kabul,420,60,,,
14-07-21,29,Badghis,2901,Qala-e-Naw,30,Hirat,3001,Hirat,63,9,,,
15-07-21,19,Samangan,1901,Aybak,19,Samangan,1901,Aybak,371,53,,,
15-07-21,19,Samangan,1903,Feroznakhchir,19,Samangan,1901,Aybak,308,44,,,
15-07-21,31,Farah,3101,Farah,30,Hirat,3001,Hirat,175,25,,,
15-07-21,31,Farah,3104,Khak-e-Safed,31,Farah,3101,Farah,65,9,,,
15-07-21,29,Badghis,2906,Balamurghab,30,Hirat,3001,Hirat,70,10,,,
15-07-21,29,Badghis,2903,Abkamari,30,Hirat,3001,Hirat,42,6,,,
15-07-21,12,Paktya,1204,Zurmat,12,Paktya,1201,Gardez,679,97,,,
16-07-21,29,Badghis,2901,Qala-e-Naw,30,Hirat,3001,Hirat,189,27,,,
16-07-21,29,Badghis,2904,Qadis,30,Hirat,3001,Hirat,63,9,,,
17-07-21,2,Kapisa,202,Nejrab,2,Kapisa,202,Nejrab,700,100,,,
17-07-21,17,Kunduz,1701,Kunduz,15,Badakhshan,1501,Fayzabad,2646,378,,,
17-07-21,29,Badghis,2903,Abkamari,30,Hirat,3001,Hirat,70,10,,,
17-07-21,22,Daykundi,2201,Nili,30,Hirat,3001,Hirat,112,16,,,
18-07-21,2,Kapisa,202,Nejrab,2,Kapisa,201,Mahmud-e-Raqi,350,50,,,
18-07-21,26,Khost,2602,Sabari,26,Khost,2602,Sabari,630,90,,,
18-07-21,31,Farah,3102,Bakwa,31,Farah,3101,Farah,21,3,,,
18-07-21,29,Badghis,2902,Muqur,30,Hirat,3001,Hirat,84,12,,,
18-07-21,31,Farah,3101,Farah,30,Hirat,3001,Hirat,49,7,,,
19-07-21,26,Khost,2604,Nadirshahkot,26,Khost,2604,Nadirshahkot,490,70,,,
19-07-21,26,Khost,2603,Musakhel,26,Khost,2603,Musakhel,315,45,,,
19-07-21,31,Farah,3103,Balabuluk,31,Farah,3101,Farah,382,61,,,
19-07-21,29,Badghis,2905,Jawand,30,Hirat,3001,Hirat,322,46,,,
19-07-21,28,Faryab,2801,Maymana,30,Hirat,3001,Hirat,56,8,,,
20-07-21,16,Takhar,1603,Baharak,16,Takhar,1601,Taloqan,4039,577,,,
20-07-21,20,Sar-e-Pul,2002,Sayad,20,Sar-e-Pul,2001,Sar-e-Pul,623,89,,,
20-07-21,20,Sar-e-Pul,2004,Sozmaqala,20,Sar-e-Pul,2001,Sar-e-Pul,644,92,,,
20-07-21,26,Khost,2608,Terezayi,26,Khost,2608,Terezayi,182,26,,,
20-07-21,33,Kandahar,3301,Kandahar / Dand,33,Kandahar,3301,Kandahar / Dand,3486,525,,,
20-07-21,31,Farah,3101,Farah,31,Farah,3101,Farah,268,43,,,
20-07-21,29,Badghis,2904,Qadis,30,Hirat,3001,Hirat,70,10,,,
20-07-21,28,Faryab,2802,Khwajasabzposh,30,Hirat,3001,Hirat,42,6,,,
20-07-21,12,Paktya,1202,Sayedkaram / Mirzaka,12,Paktya,1201,Gardez,896,128,,,
21-07-21,31,Farah,3109,Gulestan,31,Farah,3101,Farah,29,5,,,
21-07-21,31,Farah,3105,Pushtrod,31,Farah,3101,Farah,79,10,,,
21-07-21,22,Daykundi,2202,Ashtarlay,30,Hirat,3001,Hirat,35,5,,,
21-07-21,30,Hirat,3005,Guzara,30,Hirat,3001,Hirat,147,21,,,
22-07-21,31,Farah,3104,Khak-e-Safed,31,Farah,3101,Farah,84,11,,,
22-07-21,31,Farah,3111,Anardara,30,Hirat,3001,Hirat,49,7,,,
22-07-21,21,Ghor,2110,Saghar,30,Hirat,3001,Hirat,210,30,,,
23-07-21,32,Hilmand,3203,Nad-e-Ali / Marja,31,Farah,3101,Farah,23,4,,,
23-07-21,28,Faryab,2806,Qaysar,30,Hirat,3001,Hirat,49,7,,,
23-07-21,21,Ghor,2105,Shahrak,30,Hirat,3001,Hirat,63,9,,,
24-07-21,13,Kunar,1312,Ghaziabad,13,Kunar,1306,Shigal Wa Sheltan,5873,839,,,
24-07-21,13,Kunar,1312,Ghaziabad,13,Kunar,1301,Asadabad,12985,1855,,,
24-07-21,13,Kunar,1312,Ghaziabad,13,Kunar,1303,Narang,2240,320,,,
24-07-21,13,Kunar,1315,Nari,13,Kunar,1308,Chawkay,1911,273,,,
24-07-21,13,Kunar,1315,Nari,13,Kunar,1309,Khaskunar,1309,187,,,
24-07-21,13,Kunar,1315,Nari,13,Kunar,1304,Sarkani,637,91,,,
24-07-21,13,Kunar,1315,Nari,6,Nangarhar,601,Jalalabad,2296,328,,,
24-07-21,13,Kunar,1315,Nari,6,Nangarhar,602,Behsud,1470,210,,,
24-07-21,13,Kunar,1315,Nari,6,Nangarhar,608,Kuzkunar,497,71,,,
24-07-21,13,Kunar,1315,Nari,6,Nangarhar,607,Kama,427,61,,,
24-07-21,18,Balkh,1802,Nahr-e-Shahi,18,Balkh,1802,Nahr-e-Shahi,980,140,,,
24-07-21,18,Balkh,1816,Zari,18,Balkh,1801,Mazar-e-Sharif,735,105,,,
24-07-21,19,Samangan,1904,Dara-e-Suf-e-Payin,18,Balkh,1802,Nahr-e-Shahi,1085,155,,,
24-07-21,12,Paktya,1204,Zurmat,12,Paktya,1201,Gardez,210,30,,,
24-07-21,31,Farah,3105,Pushtrod,31,Farah,3101,Farah,79,14,,,
24-07-21,30,Hirat,3003,Kushk,30,Hirat,3001,Hirat,140,20,,,
24-07-21,21,Ghor,2101,Chaghcharan,30,Hirat,3001,Hirat,511,73,,,
24-07-21,32,Hilmand,3202,Nahr-e-Saraj,30,Hirat,3001,Hirat,28,4,,,
25-07-21,16,Takhar,1601,Taloqan,16,Takhar,1601,Taloqan,1694,242,,,
25-07-21,12,Paktya,1202,Sayedkaram / Mirzaka,12,Paktya,1201,Gardez,70,10,,,
25-07-21,31,Farah,3110,Purchaman,31,Farah,3101,Farah,21,3,,,
25-07-21,21,Ghor,2103,DoLayna,30,Hirat,3001,Hirat,91,13,,,
25-07-21,30,Hirat,3007,Karukh,30,Hirat,3001,Hirat,259,37,,,
26-07-21,21,Ghor,2105,Shahrak,30,Hirat,3001,Hirat,91,13,,,
26-07-21,30,Hirat,3008,Gulran,30,Hirat,3001,Hirat,203,29,,,
26-07-21,30,Hirat,3005,Guzara,30,Hirat,3001,Hirat,189,27,,,
26-07-21,30,Hirat,3013,Kushk-e-Kohna,30,Hirat,3001,Hirat,112,16,,,
26-07-21,30,Hirat,3012,Obe,30,Hirat,3001,Hirat,105,15,,,
26-07-21,30,Hirat,3006,Pashtunzarghun,30,Hirat,3001,Hirat,119,17,,,
26-07-21,30,Hirat,3003,Kushk,30,Hirat,3001,Hirat,85,13,,,
26-07-21,30,Hirat,3015,Shindand,30,Hirat,3001,Hirat,651,93,,,
26-07-21,30,Hirat,3004,Zindajan,30,Hirat,3001,Hirat,41,6,,,
26-07-21,2,Kapisa,202,Nejrab,30,Hirat,3001,Hirat,105,15,,,
27-07-21,30,Hirat,3002,Injil,30,Hirat,3001,Hirat,217,31,,,
28-07-21,12,Paktya,1204,Zurmat,12,Paktya,1201,Gardez,679,97,,,
29-07-21,31,Farah,3106,Qala-e-Kah,31,Farah,3101,Farah,9,2,,,
30-07-21,29,Badghis,2906,Balamurghab,30,Hirat,3001,Hirat,91,13,,,
30-07-21,29,Badghis,2901,Qala-e-Naw,30,Hirat,3001,Hirat,280,40,,,
30-07-21,29,Badghis,2903,Abkamari,30,Hirat,3001,Hirat,63,9,,,
30-07-21,29,Badghis,2905,Jawand,30,Hirat,3001,Hirat,126,18,,,
30-07-21,29,Badghis,2902,Muqur,30,Hirat,3001,Hirat,28,4,,,
30-07-21,29,Badghis,2904,Qadis,30,Hirat,3001,Hirat,133,19,,,
30-07-21,22,Daykundi,2205,Gizab / Patoo,30,Hirat,3001,Hirat,70,10,,,
01-08-21,33,Kandahar,3308,Maywand,33,Kandahar,3301,Kandahar / Dand,1749,226,,,
01-08-21,31,Farah,3103,Balabuluk,31,Farah,3101,Farah,222,32,,,
02-08-21,31,Farah,3101,Farah,31,Farah,3101,Farah,107,17,,,
03-08-21,2,Kapisa,205,Tagab,2,Kapisa,201,Mahmud-e-Raqi,77,11,,,
03-08-21,31,Farah,3105,Pushtrod,31,Farah,3101,Farah,141,21,,,
04-08-21,12,Paktya,1208,Alikhel (Jaji),12,Paktya,1201,Gardez,210,30,,,
04-08-21,31,Farah,3106,Qala-e-Kah,31,Farah,3101,Farah,29,5,,,
05-08-21,9,Baghlan,901,Pul-e-Khumri,9,Baghlan,901,Pul-e-Khumri,6426,918,,,
05-08-21,9,Baghlan,901,Pul-e-Khumri,9,Baghlan,901,Pul-e-Khumri,1204,172,,,
05-08-21,9,Baghlan,901,Pul-e-Khumri,9,Baghlan,901,Pul-e-Khumri,2100,300,,,
05-08-21,9,Baghlan,910,Burka,9,Baghlan,901,Pul-e-Khumri,2436,348,,,
05-08-21,9,Baghlan,901,Pul-e-Khumri,9,Baghlan,901,Pul-e-Khumri,322,46,,,
05-08-21,9,Baghlan,902,Baghlan-e-Jadid,9,Baghlan,901,Pul-e-Khumri,2618,374,,,
05-08-21,9,Baghlan,901,Pul-e-Khumri,9,Baghlan,901,Pul-e-Khumri,6426,918,,,
05-08-21,9,Baghlan,901,Pul-e-Khumri,9,Baghlan,901,Pul-e-Khumri,1204,172,,,
05-08-21,9,Baghlan,901,Pul-e-Khumri,9,Baghlan,901,Pul-e-Khumri,2100,300,,,
05-08-21,9,Baghlan,910,Burka,9,Baghlan,901,Pul-e-Khumri,2436,348,,,
05-08-21,12,Paktya,1204,Zurmat,12,Paktya,1201,Gardez,476,68,,,
05-08-21,12,Paktya,1209,Janikhel,12,Paktya,1201,Gardez,140,20,,,
05-08-21,31,Farah,3101,Farah,30,Hirat,3001,Hirat,35,5,,,
06-08-21,31,Farah,3103,Balabuluk,30,Hirat,3001,Hirat,21,3,,,
07-08-21,17,Kunduz,1702,Emamsaheb,1,Kabul,101,Kabul,840,120,,,
07-08-21,17,Kunduz,1706,Khanabad,1,Kabul,101,Kabul,700,100,,,
07-08-21,17,Kunduz,1701,Kunduz,1,Kabul,101,Kabul,350,50,,,
07-08-21,12,Paktya,1202,Sayedkaram / Mirzaka,12,Paktya,1201,Gardez,70,10,,,
07-08-21,28,Faryab,2804,Shirintagab,30,Hirat,3001,Hirat,70,10,,,
08-08-21,9,Baghlan,904,Doshi,1,Kabul,101,Kabul,350,50,,,
08-08-21,9,Baghlan,907,Khenjan,1,Kabul,101,Kabul,427,61,,,
08-08-21,17,Kunduz,1705,Aliabad,1,Kabul,101,Kabul,700,100,,,
08-08-21,11,Ghazni,1117,Malestan,30,Hirat,3001,Hirat,28,4,,,
09-08-21,16,Takhar,1604,Bangi,1,Kabul,101,Kabul,280,40,,,
09-08-21,16,Takhar,1610,Chahab,1,Kabul,101,Kabul,350,50,,,
09-08-21,16,Takhar,1605,Chal,1,Kabul,101,Kabul,175,25,,,
09-08-21,15,Badakhshan,1512,Baharak,1,Kabul,101,Kabul,350,50,,,
09-08-21,21,Ghor,2101,Chaghcharan,30,Hirat,3001,Hirat,126,18,,,
10-08-21,15,Badakhshan,1501,Fayzabad,1,Kabul,101,Kabul,280,40,,,
10-08-21,9,Baghlan,904,Doshi,1,Kabul,101,Kabul,70,10,,,
10-08-21,21,Ghor,2105,Shahrak,30,Hirat,3001,Hirat,119,17,,,
10-08-21,29,Badghis,2903,Abkamari,29,Badghis,2901,Qala-e-Naw,1712,300,,,
10-08-21,29,Badghis,2904,Qadis,29,Badghis,2901,Qala-e-Naw,931,113,,,
10-08-21,29,Badghis,2903,Abkamari,29,Badghis,2903,Abkamari,1010,165,,,
10-08-21,29,Badghis,2902,Muqur,29,Badghis,2902,Muqur,865,120,,,
10-08-21,29,Badghis,2901,Qala-e-Naw,29,Badghis,2901,Qala-e-Naw,768,128,,,
11-08-21,17,Kunduz,1701,Kunduz,1,Kabul,101,Kabul,70,10,,,
11-08-21,32,Hilmand,3211,Baghran,30,Hirat,3001,Hirat,21,3,,,
12-08-21,34,Nimroz,3405,Khashrod / Dularam,34,Nimroz,3401,Zaranj,1,1,1,1,1
12-08-21,16,Takhar,1601,Taloqan,1,Kabul,101,Kabul,360,60,,,
12-08-21,34,Nimroz,3405,Khashrod / Dularam,34,Nimroz,3401,Zaranj,226,34,,,
12-08-21,30,Hirat,3010,Adraskan,30,Hirat,3001,Hirat,42,6,,,
12-08-21,21,Ghor,2101,Chaghcharan,21,Ghor,2101,Chaghcharan,581,83,,,
13-08-21,19,Samangan,1901,Aybak,1,Kabul,101,Kabul,280,40,,,
13-08-21,30,Hirat,3009,Ghoryan,30,Hirat,3001,Hirat,35,5,,,
13-08-21,21,Ghor,2107,Pasaband,21,Ghor,2101,Chaghcharan,35,5,,,
14-08-21,18,Balkh,1801,Mazar-e-Sharif,1,Kabul,101,Kabul,385,55,,,
14-08-21,5,Logar,501,Pul-e-Alam,1,Kabul,101,Kabul,280,40,,,
14-08-21,4,Wardak,401,Maydanshahr,1,Kabul,101,Kabul,217,31,,,
14-08-21,30,Hirat,3008,Gulran,30,Hirat,3001,Hirat,35,5,,,
14-08-21,21,Ghor,2106,Taywarah,21,Ghor,2101,Chaghcharan,28,4,,,
15-08-21,29,Badghis,2903,Abkamari,30,Hirat,3001,Hirat,49,7,,,
15-08-21,29,Badghis,2901,Qala-e-Naw,30,Hirat,3001,Hirat,112,16,,,
15-08-21,29,Badghis,2903,Abkamari,30,Hirat,3001,Hirat,119,17,,,
15-08-21,30,Hirat,3005,Guzara,30,Hirat,3001,Hirat,105,15,,,
15-08-21,29,Badghis,2905,Jawand,21,Ghor,2101,Chaghcharan,70,10,,,
16-08-21,29,Badghis,2902,Muqur,30,Hirat,3001,Hirat,28,4,,,
16-08-21,30,Hirat,3002,Injil,30,Hirat,3001,Hirat,77,11,,,
16-08-21,21,Ghor,2102,Charsadra,21,Ghor,2101,Chaghcharan,42,6,,,
17-08-21,29,Badghis,2904,Qadis,30,Hirat,3001,Hirat,21,3,,,
17-08-21,30,Hirat,3007,Karukh,30,Hirat,3001,Hirat,119,17,,,
17-08-21,21,Ghor,2104,Dawlatyar,21,Ghor,2101,Chaghcharan,35,5,,,
18-08-21,2,Kapisa,201,Mahmud-e-Raqi,1,Kabul,101,Kabul,280,40,,,
18-08-21,22,Daykundi,2201,Nili,30,Hirat,3001,Hirat,21,3,,,
18-08-21,30,Hirat,3013,Kushk-e-Kohna,30,Hirat,3001,Hirat,105,15,,,
18-08-21,21,Ghor,2103,DoLayna,21,Ghor,2101,Chaghcharan,42,6,,,
19-08-21,31,Farah,3101,Farah,30,Hirat,3001,Hirat,42,6,,,
19-08-21,30,Hirat,3012,Obe,30,Hirat,3001,Hirat,84,12,,,
19-08-21,21,Ghor,2105,Shahrak,21,Ghor,2101,Chaghcharan,49,7,,,
20-08-21,9,Baghlan,913,Khost Wa Fereng,3,Parwan,304,Bagram,35,5,,,
20-08-21,31,Farah,3111,Anardara,30,Hirat,3001,Hirat,35,5,,,
20-08-21,21,Ghor,2105,Shahrak,29,Badghis,2901,Qala-e-Naw,33,9,,,
20-08-21,30,Hirat,3006,Pashtunzarghun,30,Hirat,3001,Hirat,91,13,,,
20-08-21,29,Badghis,2903,Abkamari,29,Badghis,2901,Qala-e-Naw,536,100,,,
21-08-21,28,Faryab,2805,Almar,30,Hirat,3001,Hirat,49,7,,,
21-08-21,30,Hirat,3003,Kushk,30,Hirat,3001,Hirat,39,5,,,
21-08-21,29,Badghis,2903,Abkamari,29,Badghis,2901,Qala-e-Naw,312,52,,,
22-08-21,16,Takhar,1601,Taloqan,16,Takhar,1601,Taloqan,1414,202,,,
22-08-21,21,Ghor,2106,Taywarah,30,Hirat,3001,Hirat,126,18,,,
22-08-21,30,Hirat,3015,Shindand,30,Hirat,3001,Hirat,147,21,,,
22-08-21,29,Badghis,2904,Qadis,29,Badghis,2901,Qala-e-Naw,150,25,,,
23-08-21,30,Hirat,3005,Guzara,30,Hirat,3001,Hirat,112,16,,,
23-08-21,1,Kabul,101,Kabul,30,Hirat,3001,Hirat,24,4,,,
23-08-21,29,Badghis,2902,Muqur,29,Badghis,2901,Qala-e-Naw,126,18,,,
24-08-21,3,Parwan,302,Jabalussaraj,1,Kabul,101,Kabul,280,40,,,
24-08-21,32,Hilmand,3211,Baghran,30,Hirat,3001,Hirat,35,5,,,
24-08-21,30,Hirat,3011,Farsi,30,Hirat,3001,Hirat,49,7,,,
24-08-21,30,Hirat,3010,Adraskan,30,Hirat,3001,Hirat,49,7,,,
24-08-21,30,Hirat,3009,Ghoryan,30,Hirat,3001,Hirat,63,9,,,
24-08-21,30,Hirat,3008,Gulran,30,Hirat,3001,Hirat,357,51,,,
24-08-21,30,Hirat,3002,Injil,30,Hirat,3001,Hirat,161,23,,,
24-08-21,29,Badghis,2901,Qala-e-Naw,29,Badghis,2901,Qala-e-Naw,132,22,,,
24-08-21,29,Badghis,2904,Qadis,29,Badghis,2901,Qala-e-Naw,712,119,,,
25-08-21,32,Hilmand,3201,Lashkargah,30,Hirat,3001,Hirat,21,3,,,
25-08-21,29,Badghis,2906,Balamurghab,29,Badghis,2901,Qala-e-Naw,168,28,,,
25-08-21,30,Hirat,3013,Kushk-e-Kohna,30,Hirat,3001,Hirat,504,72,,,
25-08-21,21,Ghor,2108,Lal Wa Sarjangal,21,Ghor,2108,Lal Wa Sarjangal,196,28,,,
25-08-21,21,Ghor,2101,Chaghcharan,21,Ghor,2108,Lal Wa Sarjangal,140,28,,,
25-08-21,29,Badghis,2904,Qadis,30,Hirat,3001,Hirat,1624,232,,,
25-08-21,21,Ghor,2105,Shahrak,30,Hirat,3001,Hirat,1386,198,,,
25-08-21,31,Farah,3105,Pushtrod,30,Hirat,3001,Hirat,714,102,,,
25-08-21,30,Hirat,3015,Shindand,30,Hirat,3001,Hirat,700,100,,,
25-08-21,28,Faryab,2805,Almar,30,Hirat,3001,Hirat,350,50,,,
26-08-21,3,Parwan,301,Charikar,1,Kabul,101,Kabul,210,30,,,
26-08-21,32,Hilmand,3202,Nahr-e-Saraj,30,Hirat,3001,Hirat,35,5,,,
26-08-21,29,Badghis,2907,Ghormach,29,Badghis,2901,Qala-e-Naw,224,32,,,
26-08-21,30,Hirat,3006,Pashtunzarghun,30,Hirat,3001,Hirat,476,68,,,
27-08-21,30,Hirat,3010,Adraskan,30,Hirat,3001,Hirat,112,16,,,
27-08-21,21,Ghor,2101,Chaghcharan,29,Badghis,2901,Qala-e-Naw,82,12,,,
27-08-21,30,Hirat,3003,Kushk,30,Hirat,3001,Hirat,427,61,,,
28-08-21,17,Kunduz,1701,Kunduz,3,Parwan,301,Charikar,35,5,,,
28-08-21,30,Hirat,3009,Ghoryan,30,Hirat,3001,Hirat,42,6,,,
28-08-21,29,Badghis,2905,Jawand,29,Badghis,2901,Qala-e-Naw,462,66,,,
28-08-21,30,Hirat,3015,Shindand,30,Hirat,3001,Hirat,287,41,,,
29-08-21,29,Badghis,2905,Jawand,29,Badghis,2901,Qala-e-Naw,532,75,,,
29-08-21,30,Hirat,3004,Zindajan,30,Hirat,3001,Hirat,70,10,,,
30-08-21,30,Hirat,3008,Gulran,30,Hirat,3001,Hirat,77,11,,,
30-08-21,29,Badghis,2903,Abkamari,29,Badghis,2901,Qala-e-Naw,348,58,,,
30-08-21,29,Badghis,2905,Jawand,29,Badghis,2901,Qala-e-Naw,420,65,,,
30-08-21,29,Badghis,2903,Abkamari,29,Badghis,2901,Qala-e-Naw,285,45,,,
30-08-21,29,Badghis,2904,Qadis,29,Badghis,2901,Qala-e-Naw,242,39,,,
30-08-21,29,Badghis,2902,Muqur,29,Badghis,2901,Qala-e-Naw,215,30,,,
30-08-21,29,Badghis,2906,Balamurghab,29,Badghis,2901,Qala-e-Naw,227,38,,,
30-08-21,3,Parwan,308,Koh-e-Safi,30,Hirat,3001,Hirat,21,3,,,
30-08-21,21,Ghor,2101,Chaghcharan,21,Ghor,2101,Chaghcharan,324,54,,,
30-08-21,15,Badakhshan,1504,Arghanjkhwa,30,Hirat,3001,Hirat,105,15,,,
31-08-21,17,Kunduz,1701,Kunduz,17,Kunduz,1701,Kunduz,5544,792,,,
31-08-21,17,Kunduz,1701,Kunduz,17,Kunduz,1701,Kunduz,3017,431,,,
31-08-21,16,Takhar,1601,Taloqan,16,Takhar,1601,Taloqan,3437,491,,,
31-08-21,16,Takhar,1601,Taloqan,16,Takhar,1601,Taloqan,5257,751,,,
31-08-21,17,Kunduz,1701,Kunduz,17,Kunduz,1701,Kunduz,1778,254,,,
31-08-21,16,Takhar,1604,Bangi,16,Takhar,1601,Taloqan,1757,251,,,
31-08-21,3,Parwan,302,Jabalussaraj,1,Kabul,101,Kabul,140,20,,,
31-08-21,17,Kunduz,1701,Kunduz,17,Kunduz,1701,Kunduz,2156,308,,,
31-08-21,17,Kunduz,1701,Kunduz,17,Kunduz,1701,Kunduz,5544,792,,,
31-08-21,17,Kunduz,1701,Kunduz,17,Kunduz,1701,Kunduz,3017,431,,,
31-08-21,16,Takhar,1601,Taloqan,16,Takhar,1601,Taloqan,231,33,,,
31-08-21,16,Takhar,1601,Taloqan,16,Takhar,1601,Taloqan,3437,491,,,
31-08-21,16,Takhar,1601,Taloqan,16,Takhar,1601,Taloqan,5257,751,,,
31-08-21,17,Kunduz,1701,Kunduz,17,Kunduz,1701,Kunduz,1778,254,,,
31-08-21,17,Kunduz,1701,Kunduz,17,Kunduz,1701,Kunduz,1778,254,,,
31-08-21,16,Takhar,1604,Bangi,16,Takhar,1601,Taloqan,1757,251,,,
31-08-21,30,Hirat,3002,Injil,30,Hirat,3001,Hirat,56,8,,,
31-08-21,29,Badghis,2904,Qadis,29,Badghis,2901,Qala-e-Naw,252,42,,,
31-08-21,29,Badghis,2901,Qala-e-Naw,30,Hirat,3001,Hirat,56,8,,,
31-08-21,18,Balkh,1808,Marmul,30,Hirat,3001,Hirat,140,20,,,
01-09-21,30,Hirat,3007,Karukh,30,Hirat,3001,Hirat,135,20,,,
01-09-21,29,Badghis,2902,Muqur,29,Badghis,2901,Qala-e-Naw,174,32,,,
01-09-21,29,Badghis,2906,Balamurghab,30,Hirat,3001,Hirat,42,6,,,
01-09-21,9,Baghlan,907,Khenjan,30,Hirat,3001,Hirat,98,14,,,
02-09-21,30,Hirat,3013,Kushk-e-Kohna,30,Hirat,3001,Hirat,215,31,,,
02-09-21,29,Badghis,2906,Balamurghab,29,Badghis,2901,Qala-e-Naw,350,48,,,
02-09-21,31,Farah,3101,Farah,30,Hirat,3001,Hirat,49,7,,,
02-09-21,25,Paktika,2509,Sarobi,30,Hirat,3001,Hirat,35,5,,,
03-09-21,30,Hirat,3003,Kushk,30,Hirat,3001,Hirat,142,21,,,
03-09-21,31,Farah,3111,Anardara,30,Hirat,3001,Hirat,28,4,,,
03-09-21,3,Parwan,308,Koh-e-Safi,30,Hirat,3001,Hirat,84,12,,,
04-09-21,8,Panjsher,803,Rukha,1,Kabul,101,Kabul,350,50,,,
04-09-21,30,Hirat,3012,Obe,30,Hirat,3001,Hirat,77,11,,,
04-09-21,28,Faryab,2802,Khwajasabzposh,30,Hirat,3001,Hirat,63,9,,,
04-09-21,16,Takhar,1601,Taloqan,30,Hirat,3001,Hirat,56,8,,,
05-09-21,8,Panjsher,801,Bazarak,1,Kabul,101,Kabul,350,50,,,
05-09-21,30,Hirat,3006,Pashtunzarghun,30,Hirat,3001,Hirat,112,16,,,
05-09-21,21,Ghor,2105,Shahrak,30,Hirat,3001,Hirat,56,8,,,
05-09-21,22,Daykundi,2201,Nili,30,Hirat,3001,Hirat,98,14,,,
06-09-21,8,Panjsher,804,Dara / Ab Shar,1,Kabul,101,Kabul,70,10,,,
06-09-21,30,Hirat,3015,Shindand,30,Hirat,3001,Hirat,651,93,,,
06-09-21,30,Hirat,3008,Gulran,30,Hirat,3001,Hirat,112,16,,,
06-09-21,33,Kandahar,3316,Maruf,30,Hirat,3001,Hirat,154,22,,,
07-09-21,2,Kapisa,206,Alasay,2,Kapisa,206,Alasay,350,50,,,
07-09-21,8,Panjsher,807,Paryan,1,Kabul,101,Kabul,280,40,,,
07-09-21,30,Hirat,3004,Zindajan,30,Hirat,3001,Hirat,87,11,,,
07-09-21,30,Hirat,3002,Injil,30,Hirat,3001,Hirat,112,16,,,
07-09-21,2,Kapisa,207,Hisa-e-Awal-e-Kohestan,30,Hirat,3001,Hirat,105,15,,,
08-09-21,8,Panjsher,806,Onaba (Anawa),1,Kabul,101,Kabul,350,50,,,
08-09-21,3,Parwan,302,Jabalussaraj,1,Kabul,101,Kabul,119,17,,,
08-09-21,33,Kandahar,3301,Kandahar / Dand,30,Hirat,3001,Hirat,86,12,,,
08-09-21,30,Hirat,3006,Pashtunzarghun,30,Hirat,3001,Hirat,77,11,,,
08-09-21,34,Nimroz,3403,Charburjak,30,Hirat,3001,Hirat,98,14,,,
09-09-21,2,Kapisa,205,Tagab,2,Kapisa,205,Tagab,560,80,,,
09-09-21,8,Panjsher,805,Khenj (Hes-e-Awal),1,Kabul,101,Kabul,70,10,,,
09-09-21,3,Parwan,301,Charikar,1,Kabul,101,Kabul,114,20,,,
09-09-21,30,Hirat,3003,Kushk,30,Hirat,3001,Hirat,427,61,,,
09-09-21,1,Kabul,101,Kabul,30,Hirat,3001,Hirat,91,13,,,
10-09-21,2,Kapisa,202,Nejrab,2,Kapisa,202,Nejrab,147,21,,,
10-09-21,8,Panjsher,802,Shutul,1,Kabul,101,Kabul,140,20,,,
10-09-21,2,Kapisa,207,Hisa-e-Awal-e-Kohestan,1,Kabul,101,Kabul,70,10,,,
10-09-21,8,Panjsher,803,Rukha,3,Parwan,302,Jabalussaraj,21,3,,,
10-09-21,30,Hirat,3015,Shindand,30,Hirat,3001,Hirat,133,19,,,
10-09-21,29,Badghis,2904,Qadis,30,Hirat,3001,Hirat,350,50,,,
11-09-21,8,Panjsher,801,Bazarak,1,Kabul,101,Kabul,280,40,,,
11-09-21,34,Nimroz,3401,Zaranj,30,Hirat,3001,Hirat,63,9,,,
11-09-21,29,Badghis,2903,Abkamari,30,Hirat,3001,Hirat,420,60,,,
12-09-21,8,Panjsher,805,Khenj (Hes-e-Awal),1,Kabul,101,Kabul,210,30,,,
12-09-21,2,Kapisa,204,Hisa-e-Duwum-e-Kohestan,1,Kabul,101,Kabul,140,20,,,
12-09-21,29,Badghis,2902,Muqur,30,Hirat,3001,Hirat,560,80,,,
13-09-21,8,Panjsher,803,Rukha,1,Kabul,101,Kabul,70,10,,,
13-09-21,3,Parwan,301,Charikar,1,Kabul,101,Kabul,140,20,,,
13-09-21,8,Panjsher,801,Bazarak,1,Kabul,101,Kabul,175,25,,,
13-09-21,13,Kunar,1304,Sarkani,13,Kunar,1304,Sarkani,98,14,,,
13-09-21,29,Badghis,2906,Balamurghab,30,Hirat,3001,Hirat,700,100,,,
14-09-21,8,Panjsher,807,Paryan,1,Kabul,101,Kabul,140,20,,,
14-09-21,8,Panjsher,802,Shutul,3,Parwan,305,Saydkhel,35,5,,,
14-09-21,29,Badghis,2901,Qala-e-Naw,30,Hirat,3001,Hirat,2450,350,,,
15-09-21,8,Panjsher,806,Onaba (Anawa),3,Parwan,301,Charikar,21,3,,,
15-09-21,31,Farah,3102,Bakwa,31,Farah,3101,Farah,48,7,,,
15-09-21,31,Farah,3103,Balabuluk,31,Farah,3101,Farah,262,33,,,
15-09-21,31,Farah,3101,Farah,31,Farah,3101,Farah,169,27,,,
15-09-21,29,Badghis,2903,Abkamari,29,Badghis,2901,Qala-e-Naw,590,100,,,
15-09-21,29,Badghis,2903,Abkamari,30,Hirat,3001,Hirat,98,14,,,
15-09-21,21,Ghor,2101,Chaghcharan,21,Ghor,2101,Chaghcharan,1028,155,,,
15-09-21,30,Hirat,3015,Shindand,30,Hirat,3001,Hirat,840,120,,,
16-09-21,30,Hirat,3010,Adraskan,30,Hirat,3001,Hirat,77,11,,,
16-09-21,30,Hirat,3008,Gulran,30,Hirat,3001,Hirat,700,100,,,
16-09-21,21,Ghor,2102,Charsadra,21,Ghor,2101,Chaghcharan,330,55,,,
17-09-21,31,Farah,3111,Anardara,30,Hirat,3001,Hirat,70,10,,,
17-09-21,30,Hirat,3007,Karukh,30,Hirat,3001,Hirat,350,50,,,
17-09-21,21,Ghor,2106,Taywarah,21,Ghor,2101,Chaghcharan,360,60,,,
18-09-21,31,Farah,3108,Lash-e-Juwayn,31,Farah,3101,Farah,27,5,,,
18-09-21,31,Farah,3103,Balabuluk,30,Hirat,3001,Hirat,112,16,,,
18-09-21,30,Hirat,3012,Obe,30,Hirat,3001,Hirat,175,25,,,
18-09-21,21,Ghor,2107,Pasaband,21,Ghor,2101,Chaghcharan,270,45,,,
18-09-21,21,Ghor,2103,DoLayna,21,Ghor,2101,Chaghcharan,180,30,,,
19-09-21,29,Badghis,2906,Balamurghab,30,Hirat,3001,Hirat,161,23,,,
19-09-21,21,Ghor,2105,Shahrak,30,Hirat,3001,Hirat,175,25,,,
19-09-21,29,Badghis,2903,Abkamari,30,Hirat,3002,Injil,119,17,,,
20-09-21,8,Panjsher,801,Bazarak,2,Kapisa,207,Hisa-e-Awal-e-Kohestan,140,20,,,
20-09-21,8,Panjsher,804,Dara / Ab Shar,1,Kabul,101,Kabul,490,70,,,
20-09-21,3,Parwan,301,Charikar,1,Kabul,101,Kabul,210,30,,,
20-09-21,31,Farah,3104,Khak-e-Safed,31,Farah,3101,Farah,41,7,,,
20-09-21,31,Farah,3105,Pushtrod,31,Farah,3101,Farah,112,16,,,
20-09-21,31,Farah,3106,Qala-e-Kah,31,Farah,3101,Farah,43,8,,,
20-09-21,31,Farah,3107,Shibkoh,31,Farah,3101,Farah,15,2,,,
20-09-21,29,Badghis,2904,Qadis,29,Badghis,2901,Qala-e-Naw,550,81,,,
20-09-21,21,Ghor,2101,Chaghcharan,30,Hirat,3001,Hirat,98,14,,,
20-09-21,21,Ghor,2106,Taywarah,30,Hirat,3001,Hirat,168,24,,,
20-09-21,29,Badghis,2906,Balamurghab,30,Hirat,3002,Injil,182,26,,,
21-09-21,8,Panjsher,806,Onaba (Anawa),2,Kapisa,204,Hisa-e-Duwum-e-Kohestan,70,10,,,
21-09-21,30,Hirat,3002,Injil,30,Hirat,3001,Hirat,119,17,,,
21-09-21,21,Ghor,2107,Pasaband,30,Hirat,3001,Hirat,126,18,,,
21-09-21,29,Badghis,2905,Jawand,30,Hirat,3002,Injil,14,2,,,
22-09-21,2,Kapisa,206,Alasay,2,Kapisa,201,Mahmud-e-Raqi,210,30,,,
22-09-21,31,Farah,3101,Farah,30,Hirat,3001,Hirat,84,12,,,
22-09-21,21,Ghor,2109,Tolak,30,Hirat,3001,Hirat,196,28,,,
22-09-21,29,Badghis,2907,Ghormach,30,Hirat,3002,Injil,28,4,,,
23-09-21,22,Daykundi,2205,Gizab / Patoo,22,Daykundi,2204,Kiti,2856,408,,,
23-09-21,30,Hirat,3009,Ghoryan,30,Hirat,3001,Hirat,63,9,,,
23-09-21,29,Badghis,2904,Qadis,30,Hirat,3002,Injil,140,20,,,
24-09-21,8,Panjsher,805,Khenj (Hes-e-Awal),1,Kabul,101,Kabul,259,37,,,
24-09-21,8,Panjsher,805,Khenj (Hes-e-Awal),1,Kabul,101,Kabul,259,37,,,
24-09-21,30,Hirat,3008,Gulran,30,Hirat,3001,Hirat,133,19,,,
24-09-21,29,Badghis,2901,Qala-e-Naw,30,Hirat,3002,Injil,70,10,,,
25-09-21,8,Panjsher,802,Shutul,1,Kabul,101,Kabul,140,20,,,
25-09-21,30,Hirat,3005,Guzara,30,Hirat,3001,Hirat,42,6,,,
25-09-21,29,Badghis,2902,Muqur,30,Hirat,3002,Injil,35,5,,,
26-09-21,8,Panjsher,807,Paryan,1,Kabul,101,Kabul,140,20,,,
26-09-21,29,Badghis,2905,Jawand,30,Hirat,3001,Hirat,70,10,,,
26-09-21,3,Parwan,302,Jabalussaraj,30,Hirat,3002,Injil,14,2,,,
27-09-21,8,Panjsher,806,Onaba (Anawa),1,Kabul,101,Kabul,140,20,,,
27-09-21,2,Kapisa,207,Hisa-e-Awal-e-Kohestan,1,Kabul,101,Kabul,133,19,,,
27-09-21,30,Hirat,3007,Karukh,30,Hirat,3001,Hirat,210,30,,,
27-09-21,11,Ghazni,1117,Malestan,30,Hirat,3002,Injil,63,9,,,
28-09-21,8,Panjsher,807,Paryan,1,Kabul,101,Kabul,210,30,,,
28-09-21,8,Panjsher,806,Onaba (Anawa),1,Kabul,101,Kabul,350,50,,,
28-09-21,32,Hilmand,3204,Nawa-e-Barakzaiy,30,Hirat,3001,Hirat,203,29,,,
28-09-21,21,Ghor,2105,Shahrak,30,Hirat,3002,Injil,98,14,,,
29-09-21,8,Panjsher,804,Dara / Ab Shar,1,Kabul,101,Kabul,140,20,,,
29-09-21,3,Parwan,301,Charikar,1,Kabul,101,Kabul,70,10,,,
29-09-21,8,Panjsher,801,Bazarak,1,Kabul,101,Kabul,350,50,,,
29-09-21,29,Badghis,2904,Qadis,30,Hirat,3001,Hirat,112,16,,,
29-09-21,28,Faryab,2805,Almar,30,Hirat,3002,Injil,105,15,,,
30-09-21,8,Panjsher,806,Onaba (Anawa),2,Kapisa,201,Mahmud-e-Raqi,140,20,,,
30-09-21,8,Panjsher,803,Rukha,2,Kapisa,201,Mahmud-e-Raqi,70,10,,,
30-09-21,8,Panjsher,803,Rukha,1,Kabul,101,Kabul,350,50,,,
30-09-21,8,Panjsher,803,Rukha,1,Kabul,101,Kabul,98,14,,,
30-09-21,3,Parwan,301,Charikar,1,Kabul,101,Kabul,280,40,,,
30-09-21,8,Panjsher,806,Onaba (Anawa),1,Kabul,101,Kabul,280,40,,,
30-09-21,29,Badghis,2901,Qala-e-Naw,30,Hirat,3001,Hirat,392,56,,,
30-09-21,31,Farah,3105,Pushtrod,30,Hirat,3002,Injil,70,10,,,
01-10-21,31,Farah,3110,Purchaman,30,Hirat,3001,Hirat,245,35,,,
01-10-21,31,Farah,3103,Balabuluk,30,Hirat,3002,Injil,84,12,,,
02-10-21,30,Hirat,3015,Shindand,30,Hirat,3001,Hirat,189,27,,,
02-10-21,33,Kandahar,3303,Zheray,30,Hirat,3002,Injil,126,18,,,
03-10-21,30,Hirat,3004,Zindajan,30,Hirat,3001,Hirat,42,6,,,
03-10-21,17,Kunduz,1701,Kunduz,30,Hirat,3002,Injil,105,15,,,
04-10-21,30,Hirat,3003,Kushk,30,Hirat,3001,Hirat,140,20,,,
04-10-21,5,Logar,502,Khoshi,30,Hirat,3002,Injil,14,2,,,
05-10-21,2,Kapisa,202,Nejrab,1,Kabul,101,Kabul,70,10,,,
05-10-21,30,Hirat,3011,Farsi,30,Hirat,3001,Hirat,224,32,,,
05-10-21,6,Nangarhar,601,Jalalabad,30,Hirat,3002,Injil,70,10,,,
06-10-21,3,Parwan,301,Charikar,1,Kabul,101,Kabul,700,100,,,
06-10-21,30,Hirat,3013,Kushk-e-Kohna,30,Hirat,3001,Hirat,196,28,,,
06-10-21,30,Hirat,3010,Adraskan,30,Hirat,3002,Injil,105,15,,,
07-10-21,30,Hirat,3014,Kohsan,30,Hirat,3001,Hirat,210,30,,,
07-10-21,30,Hirat,3002,Injil,30,Hirat,3002,Injil,252,36,,,
08-10-21,29,Badghis,2904,Qadis,30,Hirat,3001,Hirat,91,13,,,
08-10-21,30,Hirat,3012,Obe,30,Hirat,3002,Injil,182,26,,,
09-10-21,29,Badghis,2901,Qala-e-Naw,30,Hirat,3001,Hirat,224,32,,,
09-10-21,30,Hirat,3006,Pashtunzarghun,30,Hirat,3002,Injil,357,51,,,
10-10-21,32,Hilmand,3202,Nahr-e-Saraj,30,Hirat,3001,Hirat,49,7,,,
10-10-21,30,Hirat,3003,Kushk,30,Hirat,3002,Injil,462,66,,,
10-10-21,31,Farah,3108,Lash-e-Juwayn,30,Hirat,3002,Injil,350,50,,,
11-10-21,21,Ghor,2106,Taywarah,30,Hirat,3001,Hirat,112,16,,,
11-10-21,30,Hirat,3004,Zindajan,30,Hirat,3002,Injil,49,7,,,
11-10-21,31,Farah,3109,Gulestan,30,Hirat,3002,Injil,350,50,,,
12-10-21,3,Parwan,301,Charikar,1,Kabul,101,Kabul,210,30,,,
12-10-21,30,Hirat,3015,Shindand,30,Hirat,3001,Hirat,35,5,,,
12-10-21,30,Hirat,3015,Shindand,30,Hirat,3002,Injil,602,86,,,
12-10-21,31,Farah,3110,Purchaman,30,Hirat,3002,Injil,350,50,,,
13-10-21,29,Badghis,2906,Balamurghab,30,Hirat,3001,Hirat,98,14,,,
13-10-21,30,Hirat,3009,Ghoryan,30,Hirat,3002,Injil,98,14,,,
13-10-21,31,Farah,3102,Bakwa,30,Hirat,3002,Injil,350,50,,,
14-10-21,4,Wardak,407,Saydabad,1,Kabul,101,Kabul,84,12,,,
14-10-21,21,Ghor,2105,Shahrak,30,Hirat,3001,Hirat,105,15,,,
14-10-21,21,Ghor,2103,DoLayna,30,Hirat,3001,Hirat,105,15,,,
14-10-21,29,Badghis,2901,Qala-e-Naw,30,Hirat,3001,Hirat,70,10,,,
14-10-21,30,Hirat,3007,Karukh,30,Hirat,3001,Hirat,56,8,,,
14-10-21,30,Hirat,3011,Farsi,30,Hirat,3002,Injil,28,4,,,
15-10-21,31,Farah,3110,Purchaman,30,Hirat,3001,Hirat,56,8,,,
15-10-21,30,Hirat,3013,Kushk-e-Kohna,30,Hirat,3002,Injil,238,34,,,
16-10-21,30,Hirat,3003,Kushk,30,Hirat,3001,Hirat,105,15,,,
16-10-21,30,Hirat,3003,Kushk,30,Hirat,3002,Injil,413,59,,,
17-10-21,31,Farah,3101,Farah,30,Hirat,3001,Hirat,140,20,,,
17-10-21,30,Hirat,3005,Guzara,30,Hirat,3002,Injil,273,39,,,
18-10-21,21,Ghor,2105,Shahrak,30,Hirat,3001,Hirat,1141,163,,,
18-10-21,21,Ghor,2101,Chaghcharan,30,Hirat,3001,Hirat,182,26,,,
18-10-21,30,Hirat,3008,Gulran,30,Hirat,3002,Injil,735,105,,,
19-10-21,21,Ghor,2109,Tolak,30,Hirat,3001,Hirat,154,22,,,
19-10-21,30,Hirat,3001,Hirat,30,Hirat,3002,Injil,63,9,,,
20-10-21,11,Ghazni,1101,Ghazni,1,Kabul,101,Kabul,210,30,,,
20-10-21,22,Daykundi,2205,Gizab / Patoo,1,Kabul,101,Kabul,350,50,,,
20-10-21,32,Hilmand,3210,Kajaki,30,Hirat,3002,Injil,28,4,,,
09-11-21,4,Wardak,404,Hesa-e-Awal-e-Behsud,1,Kabul,101,Kabul,175,25,,,
09-11-21,4,Wardak,407,Saydabad,1,Kabul,101,Kabul,280,40,,,
16-11-21,4,Wardak,407,Saydabad,1,Kabul,101,Kabul,490,70,,,
22-11-21,2,Kapisa,205,Tagab,2,Kapisa,201,Mahmud-e-Raqi,63,9,,,
23-11-21,2,Kapisa,204,Hisa-e-Duwum-e-Kohestan,1,Kabul,101,Kabul,483,69,,,
25-11-21,2,Kapisa,204,Hisa-e-Duwum-e-Kohestan,1,Kabul,101,Kabul,490,70,,,
30-11-21,3,Parwan,301,Charikar,1,Kabul,101,Kabul,315,45,,,
